Time,Symbol,Price,Quantity,Type,Status,Value,Tag 
2017-06-01T14:00:00Z,DFEN,25.639136288,369,Market,Filled,9460.841290272,Warning: No quote information available at 06/01/2017 10:00:00 America/New_York, order filled using TradeBar data 
2017-06-06T14:00:00Z,DFEN,25.053422784,-369,Market,Filled,-9244.713007296,Warning: No quote information available at 06/06/2017 10:00:00 America/New_York, order filled using TradeBar data 
2017-06-08T16:00:00Z,DFEN,25.261256608,250,Market,Filled,6315.314152,Warning: No quote information available at 06/08/2017 12:00:00 America/New_York, order filled using TradeBar data 
2017-06-08T18:00:00Z,DFEN,25.639136288,114,Market,Filled,2922.861536832,Warning: No quote information available at 06/08/2017 14:00:00 America/New_York, order filled using TradeBar data 
2017-06-12T16:00:00Z,DFEN,24.807800992,-364,Market,Filled,-9030.039561088,Warning: No quote information available at 06/12/2017 12:00:00 America/New_York, order filled using TradeBar data 
2017-06-13T14:00:00Z,DFEN,25.31793856,113,Market,Filled,2860.92705728,Warning: No quote information available at 06/13/2017 10:00:00 America/New_York, order filled using TradeBar data 
2017-06-13T15:00:00Z,DFEN,25.573007344,242,Market,Filled,6188.667777248,Warning: No quote information available at 06/13/2017 11:00:00 America/New_York, order filled using TradeBar data 
2017-06-20T20:00:00Z,DFEN,25.5068784,-243,Market On Open,Filled,-6198.1714512, 
2017-06-21T14:00:00Z,DFEN,25.582454336,-112,Market,Filled,-2865.234885632,Warning: No quote information available at 06/21/2017 10:00:00 America/New_York, order filled using TradeBar data 
2017-06-21T17:00:00Z,DFEN,25.93199304,110,Market,Filled,2852.5192344,Warning: No quote information available at 06/21/2017 13:00:00 America/New_York, order filled using TradeBar data 
2017-06-21T19:00:00Z,DFEN,25.36517352,-110,Market,Filled,-2790.1690872,Warning: No quote information available at 06/21/2017 15:00:00 America/New_York, order filled using TradeBar data 
2017-06-26T14:00:00Z,DFEN,25.573007344,352,Market,Filled,9001.698585088,Warning: No quote information available at 06/26/2017 10:00:00 America/New_York, order filled using TradeBar data 
2017-06-26T15:00:00Z,DFEN,25.242362624,-111,Market,Filled,-2801.902251264,Warning: No quote information available at 06/26/2017 11:00:00 America/New_York, order filled using TradeBar data 
2017-06-26T18:00:00Z,DFEN,24.911717904,-241,Market,Filled,-6003.724014864,Warning: No quote information available at 06/26/2017 14:00:00 America/New_York, order filled using TradeBar data 
2017-06-28T14:00:00Z,DFEN,24.84558896,242,Market,Filled,6012.63252832,Warning: No quote information available at 06/28/2017 10:00:00 America/New_York, order filled using TradeBar data 
2017-06-28T15:00:00Z,DFEN,25.119551728,111,Market,Filled,2788.270241808,Warning: No quote information available at 06/28/2017 11:00:00 America/New_York, order filled using TradeBar data 
2017-06-29T17:00:00Z,DFEN,24.618861152,-111,Market,Filled,-2732.693587872,Warning: No quote information available at 06/29/2017 13:00:00 America/New_York, order filled using TradeBar data 
2017-06-29T18:00:00Z,DFEN,24.496050256,-242,Market,Filled,-5928.044161952,Warning: No quote information available at 06/29/2017 14:00:00 America/New_York, order filled using TradeBar data 
2017-06-30T15:00:00Z,DFEN,24.996740832,347,Market,Filled,8673.869068704,Warning: No quote information available at 06/30/2017 11:00:00 America/New_York, order filled using TradeBar data 
2017-07-27T17:00:00Z,DFEN,28.43544592,-347,Market,Filled,-9867.09973424,Warning: No quote information available at 07/27/2017 13:00:00 America/New_York, order filled using TradeBar data 
2017-07-28T15:00:00Z,DFEN,28.917242512,339,Market,Filled,9802.945211568,Warning: No quote information available at 07/28/2017 11:00:00 America/New_York, order filled using TradeBar data 
2017-08-10T15:00:00Z,DFEN,30.570466112,-233,Market,Filled,-7122.918604096,Warning: No quote information available at 08/10/2017 11:00:00 America/New_York, order filled using TradeBar data 
2017-08-10T17:00:00Z,DFEN,30.126457488,-106,Market,Filled,-3193.404493728,Warning: No quote information available at 08/10/2017 13:00:00 America/New_York, order filled using TradeBar data 
2017-08-11T15:00:00Z,DFEN,30.702724,335,Market,Filled,10285.41254,Warning: No quote information available at 08/11/2017 11:00:00 America/New_York, order filled using TradeBar data 
2017-08-11T16:00:00Z,DFEN,30.41931424,-335,Market,Filled,-10190.4702704,Warning: No quote information available at 08/11/2017 12:00:00 America/New_York, order filled using TradeBar data 
2017-08-14T14:00:00Z,DFEN,30.863322864,330,Market,Filled,10184.89654512,Warning: No quote information available at 08/14/2017 10:00:00 America/New_York, order filled using TradeBar data 
2017-08-17T14:00:00Z,DFEN,30.51378416,-226,Market,Filled,-6896.11522016,Warning: No quote information available at 08/17/2017 10:00:00 America/New_York, order filled using TradeBar data 
2017-08-17T15:00:00Z,DFEN,30.258715376,-104,Market,Filled,-3146.906399104,Warning: No quote information available at 08/17/2017 11:00:00 America/New_York, order filled using TradeBar data 
2017-08-22T14:00:00Z,DFEN,30.003646592,335,Market,Filled,10051.22160832,Warning: No quote information available at 08/22/2017 10:00:00 America/New_York, order filled using TradeBar data 
2017-08-28T17:00:00Z,DFEN,29.833600736,-230,Market,Filled,-6861.72816928,Warning: No quote information available at 08/28/2017 13:00:00 America/New_York, order filled using TradeBar data 
2017-08-29T14:00:00Z,DFEN,30.145351472,228,Market,Filled,6873.140135616,Warning: No quote information available at 08/29/2017 10:00:00 America/New_York, order filled using TradeBar data 
2017-09-05T15:00:00Z,DFEN,31.071156688,-228,Market,Filled,-7084.223724864,Warning: No quote information available at 09/05/2017 11:00:00 America/New_York, order filled using TradeBar data 
2017-09-05T17:00:00Z,DFEN,30.84442888,-105,Market,Filled,-3238.6650324,Warning: No quote information available at 09/05/2017 13:00:00 America/New_York, order filled using TradeBar data 
2017-09-08T15:00:00Z,DFEN,30.65548904,230,Market,Filled,7050.7624792,Warning: No quote information available at 09/08/2017 11:00:00 America/New_York, order filled using TradeBar data 
2017-09-11T14:00:00Z,DFEN,31.014474736,104,Market,Filled,3225.505372544,Warning: No quote information available at 09/11/2017 10:00:00 America/New_York, order filled using TradeBar data 
2017-10-11T15:00:00Z,DFEN,38.761008176,-230,Market,Filled,-8915.03188048,Warning: No quote information available at 10/11/2017 11:00:00 America/New_York, order filled using TradeBar data 
2017-10-12T14:00:00Z,DFEN,39.082205904,225,Market,Filled,8793.4963284,Warning: No quote information available at 10/12/2017 10:00:00 America/New_York, order filled using TradeBar data 
2017-10-16T15:00:00Z,DFEN,38.808243136,-104,Market,Filled,-4036.057286144,Warning: No quote information available at 10/16/2017 11:00:00 America/New_York, order filled using TradeBar data 
2017-10-17T14:00:00Z,DFEN,38.751561184,-225,Market,Filled,-8719.1012664,Warning: No quote information available at 10/17/2017 10:00:00 America/New_York, order filled using TradeBar data 
2017-10-20T14:00:00Z,DFEN,39.2050168,325,Market,Filled,12741.63046,Warning: No quote information available at 10/20/2017 10:00:00 America/New_York, order filled using TradeBar data 
2017-10-25T16:00:00Z,DFEN,38.789349152,-223,Market,Filled,-8650.024860896,Warning: No quote information available at 10/25/2017 12:00:00 America/New_York, order filled using TradeBar data 
2017-10-26T16:00:00Z,DFEN,37.617922144,-102,Market,Filled,-3837.028058688,Warning: No quote information available at 10/26/2017 12:00:00 America/New_York, order filled using TradeBar data 
2017-10-31T14:00:00Z,DFEN,38.014695808,225,Market,Filled,8553.3065568,Warning: No quote information available at 10/31/2017 10:00:00 America/New_York, order filled using TradeBar data 
2017-11-01T17:00:00Z,DFEN,37.674604096,-225,Market,Filled,-8476.7859216,Warning: No quote information available at 11/01/2017 13:00:00 America/New_York, order filled using TradeBar data 
2017-11-02T14:00:00Z,DFEN,38.21308264,325,Market,Filled,12419.251858,Warning: No quote information available at 11/02/2017 10:00:00 America/New_York, order filled using TradeBar data 
2017-11-09T15:00:00Z,DFEN,38.383128496,-325,Market,Filled,-12474.5167612,Warning: No quote information available at 11/09/2017 10:00:00 America/New_York, order filled using TradeBar data 
2017-11-16T15:00:00Z,DFEN,36.51262408,234,Market,Filled,8543.95403472,Warning: No quote information available at 11/16/2017 10:00:00 America/New_York, order filled using TradeBar data 
2017-11-16T16:00:00Z,DFEN,36.739351888,107,Market,Filled,3931.110652016,Warning: No quote information available at 11/16/2017 11:00:00 America/New_York, order filled using TradeBar data 
2017-12-01T17:00:00Z,DFEN,38.657091264,-234,Market,Filled,-9045.759355776,Warning: No quote information available at 12/01/2017 12:00:00 America/New_York, order filled using TradeBar data 
2017-12-04T15:00:00Z,DFEN,40.593724624,222,Market,Filled,9011.806866528,Warning: No quote information available at 12/04/2017 10:00:00 America/New_York, order filled using TradeBar data 
2017-12-05T20:00:00Z,DFEN,38.373681504,-329,Market,Filled,-12624.941214816,Warning: No quote information available at 12/05/2017 15:00:00 America/New_York, order filled using TradeBar data 
2017-12-06T15:00:00Z,DFEN,39.308933712,220,Market,Filled,8647.96541664,Warning: No quote information available at 12/06/2017 10:00:00 America/New_York, order filled using TradeBar data 
2017-12-06T17:00:00Z,DFEN,39.667919408,101,Market,Filled,4006.459860208,Warning: No quote information available at 12/06/2017 12:00:00 America/New_York, order filled using TradeBar data 
2017-12-22T15:00:00Z,DFEN,42.233989746,-220,Market,Filled,-9291.47774412,Warning: No quote information available at 12/22/2017 10:00:00 America/New_York, order filled using TradeBar data 
2017-12-22T17:00:00Z,DFEN,42.521817936,217,Market,Filled,9227.234492112,Warning: No quote information available at 12/22/2017 12:00:00 America/New_York, order filled using TradeBar data 
2018-01-02T15:00:00Z,DFEN,42.646543485,-218,Market,Filled,-9296.94647973,Warning: No quote information available at 01/02/2018 10:00:00 America/New_York, order filled using TradeBar data 
2018-01-02T16:00:00Z,DFEN,42.387498114,-100,Market,Filled,-4238.7498114,Warning: No quote information available at 01/02/2018 11:00:00 America/New_York, order filled using TradeBar data 
2018-01-03T15:00:00Z,DFEN,43.030314405,315,Market,Filled,13554.549037575,Warning: No quote information available at 01/03/2018 10:00:00 America/New_York, order filled using TradeBar data 
2018-01-03T17:00:00Z,DFEN,42.512223663,-315,Market,Filled,-13391.350453845,Warning: No quote information available at 01/03/2018 12:00:00 America/New_York, order filled using TradeBar data 
2018-01-03T20:00:00Z,DFEN,42.905588856,98,Market,Filled,4204.747707888,Warning: No quote information available at 01/03/2018 15:00:00 America/New_York, order filled using TradeBar data 
2018-01-03T21:00:00Z,DFEN,43.442868144,214,Market On Open,Filled,9296.773782816, 
2018-01-22T15:00:00Z,DFEN,48.700529748,-215,Market,Filled,-10470.61389582,Warning: No quote information available at 01/22/2018 10:00:00 America/New_York, order filled using TradeBar data 
2018-01-24T15:00:00Z,DFEN,49.679145594,206,Market,Filled,10233.903992364,Warning: No quote information available at 01/24/2018 10:00:00 America/New_York, order filled using TradeBar data 
2018-02-02T18:00:00Z,DFEN,52.547833221,-96,Market,Filled,-5044.591989216,Warning: No quote information available at 02/02/2018 13:00:00 America/New_York, order filled using TradeBar data 
2018-02-02T19:00:00Z,DFEN,51.943394022,-207,Market,Filled,-10752.282562554,Warning: No quote information available at 02/02/2018 14:00:00 America/New_York, order filled using TradeBar data 
2018-02-07T15:00:00Z,DFEN,46.282772952,233,Market,Filled,10783.886097816,Warning: No quote information available at 02/07/2018 10:00:00 America/New_York, order filled using TradeBar data 
2018-02-09T17:00:00Z,DFEN,41.552796363,-233,Market,Filled,-9681.801552579,Warning: No quote information available at 02/09/2018 12:00:00 America/New_York, order filled using TradeBar data 
2018-02-12T16:00:00Z,DFEN,43.912987521,336,Market,Filled,14754.763807056,Warning: No quote information available at 02/12/2018 11:00:00 America/New_York, order filled using TradeBar data 
2018-03-01T15:00:00Z,DFEN,50.36993325,-336,Market,Filled,-16924.297572,Warning: No quote information available at 03/01/2018 10:00:00 America/New_York, order filled using TradeBar data 
2018-03-05T19:00:00Z,DFEN,49.928596692,230,Market,Filled,11483.57723916,Warning: No quote information available at 03/05/2018 14:00:00 America/New_York, order filled using TradeBar data 
2018-03-06T18:00:00Z,DFEN,50.417904615,105,Market,Filled,5293.879984575,Warning: No quote information available at 03/06/2018 13:00:00 America/New_York, order filled using TradeBar data 
2018-03-13T19:00:00Z,DFEN,50.27399052,-230,Market,Filled,-11563.0178196,Warning: No quote information available at 03/13/2018 15:00:00 America/New_York, order filled using TradeBar data 
2018-03-14T14:00:00Z,DFEN,49.583202864,-105,Market,Filled,-5206.23630072,Warning: No quote information available at 03/14/2018 10:00:00 America/New_York, order filled using TradeBar data 
2018-03-20T14:00:00Z,DFEN,49.573608591,338,Market,Filled,16755.879703758,Warning: No quote information available at 03/20/2018 10:00:00 America/New_York, order filled using TradeBar data 
2018-03-22T15:00:00Z,DFEN,47.549216988,-338,Market,Filled,-16071.635341944,Warning: No quote information available at 03/22/2018 11:00:00 America/New_York, order filled using TradeBar data 
2018-03-23T18:00:00Z,DFEN,48.335947374,334,Market,Filled,16144.206422916,Warning: No quote information available at 03/23/2018 14:00:00 America/New_York, order filled using TradeBar data 
2018-03-23T20:00:00Z,DFEN,48.796472478,-334,Market On Open,Filled,-16298.021807652, 
2018-03-26T14:00:00Z,DFEN,47.616376899,234,Market,Filled,11142.232194366,Warning: No quote information available at 03/26/2018 10:00:00 America/New_York, order filled using TradeBar data 
2018-03-26T16:00:00Z,DFEN,47.769885267,107,Market,Filled,5111.377723569,Warning: No quote information available at 03/26/2018 12:00:00 America/New_York, order filled using TradeBar data 
2018-03-28T14:00:00Z,DFEN,46.158047403,-341,Market,Filled,-15739.894164423,Warning: No quote information available at 03/28/2018 10:00:00 America/New_York, order filled using TradeBar data 
2018-03-29T15:00:00Z,DFEN,47.251794525,105,Market,Filled,4961.438425125,Warning: No quote information available at 03/29/2018 11:00:00 America/New_York, order filled using TradeBar data 
2018-03-29T16:00:00Z,DFEN,47.568405534,227,Market,Filled,10798.028056218,Warning: No quote information available at 03/29/2018 12:00:00 America/New_York, order filled using TradeBar data 
2018-04-02T16:00:00Z,DFEN,45.611173842,-332,Market,Filled,-15142.909715544,Warning: No quote information available at 04/02/2018 12:00:00 America/New_York, order filled using TradeBar data 
2018-04-03T15:00:00Z,DFEN,46.53222405,223,Market,Filled,10376.68596315,Warning: No quote information available at 04/03/2018 11:00:00 America/New_York, order filled using TradeBar data 
2018-04-03T20:00:00Z,DFEN,43.414085325,102,Market On Open,Filled,4428.23670315, 
2018-04-04T14:00:00Z,DFEN,44.891603367,-325,Market,Filled,-14589.771094275,Warning: No quote information available at 04/04/2018 10:00:00 America/New_York, order filled using TradeBar data 
2018-04-04T19:00:00Z,DFEN,46.752892329,101,Market,Filled,4722.042125229,Warning: No quote information available at 04/04/2018 15:00:00 America/New_York, order filled using TradeBar data 
2018-04-04T20:00:00Z,DFEN,48.45107865,214,Market On Open,Filled,10368.5308311, 
2018-04-06T19:00:00Z,DFEN,45.620768115,-216,Market,Filled,-9854.08591284,Warning: No quote information available at 04/06/2018 15:00:00 America/New_York, order filled using TradeBar data 
2018-04-10T15:00:00Z,DFEN,47.673942537,205,Market,Filled,9773.158220085,Warning: No quote information available at 04/10/2018 11:00:00 America/New_York, order filled using TradeBar data 
2018-04-23T19:00:00Z,DFEN,51.857045565,-209,Market,Filled,-10838.122523085,Warning: No quote information available at 04/23/2018 15:00:00 America/New_York, order filled using TradeBar data 
2018-04-24T14:00:00Z,DFEN,53.545637613,201,Market,Filled,10762.673160213,Warning: No quote information available at 04/24/2018 10:00:00 America/New_York, order filled using TradeBar data 
2018-04-24T16:00:00Z,DFEN,50.504253072,-296,Market,Filled,-14949.258909312,Warning: No quote information available at 04/24/2018 12:00:00 America/New_York, order filled using TradeBar data 
2018-05-04T15:00:00Z,DFEN,40.996328529,250,Market,Filled,10249.08213225,Warning: No quote information available at 05/04/2018 11:00:00 America/New_York, order filled using TradeBar data 
2018-05-07T14:00:00Z,DFEN,42.934371675,110,Market,Filled,4722.78088425,Warning: No quote information available at 05/07/2018 10:00:00 America/New_York, order filled using TradeBar data 
2018-05-14T16:00:00Z,DFEN,46.349932863,-247,Market,Filled,-11448.433417161,Warning: No quote information available at 05/14/2018 12:00:00 America/New_York, order filled using TradeBar data 
2018-05-15T15:00:00Z,DFEN,45.448071201,-113,Market,Filled,-5135.632045713,Warning: No quote information available at 05/15/2018 11:00:00 America/New_York, order filled using TradeBar data 
2018-05-17T14:00:00Z,DFEN,45.918190578,246,Market,Filled,11295.874882188,Warning: No quote information available at 05/17/2018 10:00:00 America/New_York, order filled using TradeBar data 
2018-05-17T15:00:00Z,DFEN,46.743298056,111,Market,Filled,5188.506084216,Warning: No quote information available at 05/17/2018 11:00:00 America/New_York, order filled using TradeBar data 
2018-05-29T17:00:00Z,DFEN,47.558811261,-357,Market,Filled,-16978.495620177,Warning: No quote information available at 05/29/2018 13:00:00 America/New_York, order filled using TradeBar data 
2018-05-30T16:00:00Z,DFEN,48.585398472,110,Market,Filled,5344.39383192,Warning: No quote information available at 05/30/2018 12:00:00 America/New_York, order filled using TradeBar data 
2018-05-30T17:00:00Z,DFEN,48.911603754,238,Market,Filled,11640.961693452,Warning: No quote information available at 05/30/2018 13:00:00 America/New_York, order filled using TradeBar data 
2018-05-31T20:00:00Z,DFEN,48.374324466,-238,Market On Open,Filled,-11513.089222908, 
2018-06-01T14:00:00Z,DFEN,48.806066751,236,Market,Filled,11518.231753236,Warning: No quote information available at 06/01/2018 10:00:00 America/New_York, order filled using TradeBar data 
2018-06-12T14:00:00Z,DFEN,49.611985683,-237,Market,Filled,-11758.040606871,Warning: No quote information available at 06/12/2018 10:00:00 America/New_York, order filled using TradeBar data 
2018-06-12T15:00:00Z,DFEN,49.343346039,-109,Market,Filled,-5378.424718251,Warning: No quote information available at 06/12/2018 11:00:00 America/New_York, order filled using TradeBar data 
2018-06-26T19:00:00Z,DFEN,43.050654614,272,Market,Filled,11709.778055008,Warning: No quote information available at 06/26/2018 15:00:00 America/New_York, order filled using TradeBar data 
2018-06-27T14:00:00Z,DFEN,43.512117638,124,Market,Filled,5395.502587112,Warning: No quote information available at 06/27/2018 10:00:00 America/New_York, order filled using TradeBar data 
2018-06-27T19:00:00Z,DFEN,42.166183818,-396,Market,Filled,-16697.808791928,Warning: No quote information available at 06/27/2018 15:00:00 America/New_York, order filled using TradeBar data 
2018-06-28T19:00:00Z,DFEN,42.608419216,268,Market,Filled,11419.056349888,Warning: No quote information available at 06/28/2018 15:00:00 America/New_York, order filled using TradeBar data 
2018-06-29T14:00:00Z,DFEN,43.502503825,122,Market,Filled,5307.30546665,Warning: No quote information available at 06/29/2018 10:00:00 America/New_York, order filled using TradeBar data 
2018-07-23T14:00:00Z,DFEN,48.847783853,-268,Market,Filled,-13091.206072604,Warning: No quote information available at 07/23/2018 10:00:00 America/New_York, order filled using TradeBar data 
2018-07-23T20:00:00Z,DFEN,49.020832487,-122,Market On Open,Filled,-5980.541563414, 
2018-07-24T15:00:00Z,DFEN,49.165039682,263,Market,Filled,12930.405436366,Warning: No quote information available at 07/24/2018 11:00:00 America/New_York, order filled using TradeBar data 
2018-07-24T16:00:00Z,DFEN,48.54975565,-263,Market,Filled,-12768.58573595,Warning: No quote information available at 07/24/2018 12:00:00 America/New_York, order filled using TradeBar data 
2018-07-24T20:00:00Z,DFEN,48.376707016,261,Market On Open,Filled,12626.320531176, 
2018-07-25T14:00:00Z,DFEN,47.674898667,-261,Market,Filled,-12443.148552087,Warning: No quote information available at 07/25/2018 10:00:00 America/New_York, order filled using TradeBar data 
2018-07-25T20:00:00Z,DFEN,49.70341321,258,Market On Open,Filled,12823.48060818, 
2018-07-26T14:00:00Z,DFEN,49.366929755,117,Market,Filled,5775.930781335,Warning: No quote information available at 07/26/2018 10:00:00 America/New_York, order filled using TradeBar data 
2018-07-30T20:00:00Z,DFEN,48.693962845,-375,Market On Open,Filled,-18260.236066875, 
2018-07-31T14:00:00Z,DFEN,49.905303283,366,Market,Filled,18265.341001578,Warning: No quote information available at 07/31/2018 10:00:00 America/New_York, order filled using TradeBar data 
2018-08-03T16:00:00Z,DFEN,49.463067885,-251,Market,Filled,-12415.230039135,Warning: No quote information available at 08/03/2018 12:00:00 America/New_York, order filled using TradeBar data 
2018-08-06T15:00:00Z,DFEN,49.068901552,-115,Market,Filled,-5642.92367848,Warning: No quote information available at 08/06/2018 11:00:00 America/New_York, order filled using TradeBar data 
2018-08-07T15:00:00Z,DFEN,50.482132063,245,Market,Filled,12368.122355435,Warning: No quote information available at 08/07/2018 11:00:00 America/New_York, order filled using TradeBar data 
2018-08-07T18:00:00Z,DFEN,50.732091201,113,Market,Filled,5732.726305713,Warning: No quote information available at 08/07/2018 14:00:00 America/New_York, order filled using TradeBar data 
2018-08-10T14:00:00Z,DFEN,49.41499882,-358,Market,Filled,-17690.56957756,Warning: No quote information available at 08/10/2018 10:00:00 America/New_York, order filled using TradeBar data 
2018-08-13T14:00:00Z,DFEN,50.145648608,353,Market,Filled,17701.413958624,Warning: No quote information available at 08/13/2018 10:00:00 America/New_York, order filled using TradeBar data 
2018-08-13T16:00:00Z,DFEN,48.799714788,-353,Market,Filled,-17226.299320164,Warning: No quote information available at 08/13/2018 12:00:00 America/New_York, order filled using TradeBar data 
2018-08-14T14:00:00Z,DFEN,49.962986161,345,Market,Filled,17237.230225545,Warning: No quote information available at 08/14/2018 10:00:00 America/New_York, order filled using TradeBar data 
2018-08-15T14:00:00Z,DFEN,48.35747939,-345,Market,Filled,-16683.33038955,Warning: No quote information available at 08/15/2018 10:00:00 America/New_York, order filled using TradeBar data 
2018-08-16T14:00:00Z,DFEN,50.241786738,332,Market,Filled,16680.273197016,Warning: No quote information available at 08/16/2018 10:00:00 America/New_York, order filled using TradeBar data 
2018-08-23T14:00:00Z,DFEN,51.72231394,-228,Market,Filled,-11792.68757832,Warning: No quote information available at 08/23/2018 10:00:00 America/New_York, order filled using TradeBar data 
2018-08-23T16:00:00Z,DFEN,51.058960843,-104,Market,Filled,-5310.131927672,Warning: No quote information available at 08/23/2018 12:00:00 America/New_York, order filled using TradeBar data 
2018-08-24T20:00:00Z,DFEN,52.8759715,103,Market On Open,Filled,5446.2250645, 
2018-08-27T14:00:00Z,DFEN,53.423958841,218,Market,Filled,11646.423027338,Warning: No quote information available at 08/27/2018 10:00:00 America/New_York, order filled using TradeBar data 
2018-08-30T16:00:00Z,DFEN,52.962495817,-220,Market,Filled,-11651.74907974,Warning: No quote information available at 08/30/2018 12:00:00 America/New_York, order filled using TradeBar data 
2018-08-30T20:00:00Z,DFEN,52.135707899,-101,Market On Open,Filled,-5265.706497799, 
2018-09-04T19:00:00Z,DFEN,52.770219557,219,Market,Filled,11556.678082983,Warning: No quote information available at 09/04/2018 15:00:00 America/New_York, order filled using TradeBar data 
2018-09-05T20:00:00Z,DFEN,53.231682581,101,Market On Open,Filled,5376.399940681, 
2018-09-20T14:00:00Z,DFEN,58.000133829,-220,Market,Filled,-12760.02944238,Warning: No quote information available at 09/20/2018 10:00:00 America/New_York, order filled using TradeBar data 
2018-09-20T18:00:00Z,DFEN,57.000297277,-100,Market,Filled,-5700.0297277,Warning: No quote information available at 09/20/2018 14:00:00 America/New_York, order filled using TradeBar data 
2018-09-21T14:00:00Z,DFEN,59.394136714,309,Market,Filled,18352.788244626,Warning: No quote information available at 09/21/2018 10:00:00 America/New_York, order filled using TradeBar data 
2018-09-24T14:00:00Z,DFEN,57.884768073,-309,Market,Filled,-17886.393334557,Warning: No quote information available at 09/24/2018 10:00:00 America/New_York, order filled using TradeBar data 
2018-09-25T15:00:00Z,DFEN,58.58981664,209,Market,Filled,12245.27167776,Warning: No quote information available at 09/25/2018 11:00:00 America/New_York, order filled using TradeBar data 
2018-09-25T17:00:00Z,DFEN,59.110186722,96,Market,Filled,5674.577925312,Warning: No quote information available at 09/25/2018 13:00:00 America/New_York, order filled using TradeBar data 
2018-10-04T17:00:00Z,DFEN,59.698012185,-209,Market,Filled,-12476.884546665,Warning: No quote information available at 10/04/2018 13:00:00 America/New_York, order filled using TradeBar data 
2018-10-04T18:00:00Z,DFEN,59.563101423,-96,Market,Filled,-5718.057736608,Warning: No quote information available at 10/04/2018 14:00:00 America/New_York, order filled using TradeBar data 
2018-10-05T14:00:00Z,DFEN,60.786934764,299,Market,Filled,18175.293494436,Warning: No quote information available at 10/05/2018 10:00:00 America/New_York, order filled using TradeBar data 
2018-10-05T15:00:00Z,DFEN,59.967833709,-205,Market,Filled,-12293.405910345,Warning: No quote information available at 10/05/2018 11:00:00 America/New_York, order filled using TradeBar data 
2018-10-05T16:00:00Z,DFEN,58.454905878,-94,Market,Filled,-5494.761152532,Warning: No quote information available at 10/05/2018 12:00:00 America/New_York, order filled using TradeBar data 
2018-10-15T14:00:00Z,DFEN,49.386975375,247,Market,Filled,12198.582917625,Warning: No quote information available at 10/15/2018 10:00:00 America/New_York, order filled using TradeBar data 
2018-10-16T15:00:00Z,DFEN,51.294999009,109,Market,Filled,5591.154891981,Warning: No quote information available at 10/16/2018 11:00:00 America/New_York, order filled using TradeBar data 
2018-10-18T16:00:00Z,DFEN,48.808786395,-244,Market,Filled,-11909.34388038,Warning: No quote information available at 10/18/2018 12:00:00 America/New_York, order filled using TradeBar data 
2018-10-19T16:00:00Z,DFEN,48.259506864,-112,Market,Filled,-5405.064768768,Warning: No quote information available at 10/19/2018 12:00:00 America/New_York, order filled using TradeBar data 
2018-10-31T14:00:00Z,DFEN,41.523605247,418,Market,Filled,17356.866993246,Warning: No quote information available at 10/31/2018 10:00:00 America/New_York, order filled using TradeBar data 
2018-11-12T15:00:00Z,DFEN,44.886737814,-287,Market,Filled,-12882.493752618,Warning: No quote information available at 11/12/2018 10:00:00 America/New_York, order filled using TradeBar data 
2018-11-12T16:00:00Z,DFEN,44.443459596,-131,Market,Filled,-5822.093207076,Warning: No quote information available at 11/12/2018 11:00:00 America/New_York, order filled using TradeBar data 
2018-11-15T19:00:00Z,DFEN,42.4005252,301,Market,Filled,12762.5580852,Warning: No quote information available at 11/15/2018 14:00:00 America/New_York, order filled using TradeBar data 
2018-11-19T16:00:00Z,DFEN,39.933585552,-301,Market,Filled,-12020.009251152,Warning: No quote information available at 11/19/2018 11:00:00 America/New_York, order filled using TradeBar data 
2018-11-23T15:00:00Z,DFEN,37.938833571,323,Market,Filled,12254.243243433,Warning: No quote information available at 11/23/2018 10:00:00 America/New_York, order filled using TradeBar data 
2018-11-26T15:00:00Z,DFEN,39.259031742,144,Market,Filled,5653.300570848,Warning: No quote information available at 11/26/2018 10:00:00 America/New_York, order filled using TradeBar data 
2018-11-27T15:00:00Z,DFEN,36.445178706,-467,Market,Filled,-17019.898455702,Warning: No quote information available at 11/27/2018 10:00:00 America/New_York, order filled using TradeBar data 
2018-11-28T15:00:00Z,DFEN,37.746103911,143,Market,Filled,5397.692859273,Warning: No quote information available at 11/28/2018 10:00:00 America/New_York, order filled using TradeBar data 
2018-11-28T18:00:00Z,DFEN,39.239758776,298,Market,Filled,11693.448115248,Warning: No quote information available at 11/28/2018 13:00:00 America/New_York, order filled using TradeBar data 
2018-12-04T18:00:00Z,DFEN,37.823195775,-441,Market,Filled,-16680.029336775,Warning: No quote information available at 12/04/2018 13:00:00 America/New_York, order filled using TradeBar data 
2018-12-10T21:00:00Z,DFEN,36.821001543,321,Market On Open,Filled,11819.541495303, 
2018-12-11T15:00:00Z,DFEN,36.580089468,133,Market,Filled,4865.151899244,Warning: No quote information available at 12/11/2018 10:00:00 America/New_York, order filled using TradeBar data 
2018-12-11T18:00:00Z,DFEN,34.941887358,-143,Market,Filled,-4996.689892194,Warning: No quote information available at 12/11/2018 13:00:00 America/New_York, order filled using TradeBar data 
2018-12-12T15:00:00Z,DFEN,36.368086842,138,Market,Filled,5018.795984196,Warning: No quote information available at 12/12/2018 10:00:00 America/New_York, order filled using TradeBar data 
2018-12-14T15:00:00Z,DFEN,35.067161637,-307,Market,Filled,-10765.618622559,Warning: No quote information available at 12/14/2018 10:00:00 America/New_York, order filled using TradeBar data 
2018-12-14T20:00:00Z,DFEN,34.537155072,-142,Market,Filled,-4904.276020224,Warning: No quote information available at 12/14/2018 15:00:00 America/New_York, order filled using TradeBar data 
2018-12-18T15:00:00Z,DFEN,34.373334861,312,Market,Filled,10724.480476632,Warning: No quote information available at 12/18/2018 10:00:00 America/New_York, order filled using TradeBar data 
2018-12-18T16:00:00Z,DFEN,33.592779738,-312,Market,Filled,-10480.947278256,Warning: No quote information available at 12/18/2018 11:00:00 America/New_York, order filled using TradeBar data 
2018-12-19T15:00:00Z,DFEN,33.901147194,312,Market,Filled,10577.157924528,Warning: No quote information available at 12/19/2018 10:00:00 America/New_York, order filled using TradeBar data 
2018-12-19T20:00:00Z,DFEN,31.463116995,-312,Market,Filled,-9816.49250244,Warning: No quote information available at 12/19/2018 15:00:00 America/New_York, order filled using TradeBar data 
2018-12-26T21:00:00Z,DFEN,24.891035589,382,Market On Open,Filled,9508.375594998, 
2018-12-27T21:00:00Z,DFEN,28.369805952,189,Market On Open,Filled,5361.893324928, 
2019-01-03T16:00:00Z,DFEN,26.654511978,-393,Market,Filled,-10475.223207354,Warning: No quote information available at 01/03/2019 11:00:00 America/New_York, order filled using TradeBar data 
2019-01-04T16:00:00Z,DFEN,28.283077605,365,Market,Filled,10323.323325825,Warning: No quote information available at 01/04/2019 11:00:00 America/New_York, order filled using TradeBar data 
2019-01-22T20:00:00Z,DFEN,33.139865037,-373,Market,Filled,-12361.169658801,Warning: No quote information available at 01/22/2019 15:00:00 America/New_York, order filled using TradeBar data 
2019-01-23T15:00:00Z,DFEN,35.336983161,345,Market,Filled,12191.259190545,Warning: No quote information available at 01/23/2019 10:00:00 America/New_York, order filled using TradeBar data 
2019-02-08T16:00:00Z,DFEN,42.602891343,-354,Market,Filled,-15081.423535422,Warning: No quote information available at 02/08/2019 11:00:00 America/New_York, order filled using TradeBar data 
2019-02-11T15:00:00Z,DFEN,44.347094766,335,Market,Filled,14856.27674661,Warning: No quote information available at 02/11/2019 10:00:00 America/New_York, order filled using TradeBar data 
2019-02-26T21:00:00Z,DFEN,47.951139408,-340,Market On Open,Filled,-16303.38739872, 
2019-02-27T15:00:00Z,DFEN,47.951139408,-156,Market,Filled,-7480.377747648,Warning: No quote information available at 02/27/2019 10:00:00 America/New_York, order filled using TradeBar data 
2019-02-28T15:00:00Z,DFEN,50.331350709,471,Market,Filled,23706.066183939,Warning: No quote information available at 02/28/2019 10:00:00 America/New_York, order filled using TradeBar data 
2019-03-01T17:00:00Z,DFEN,48.635329701,-148,Market,Filled,-7198.028795748,Warning: No quote information available at 03/01/2019 12:00:00 America/New_York, order filled using TradeBar data 
2019-03-01T20:00:00Z,DFEN,49.415884824,146,Market,Filled,7214.719184304,Warning: No quote information available at 03/01/2019 15:00:00 America/New_York, order filled using TradeBar data 
2019-03-04T17:00:00Z,DFEN,47.295858564,-469,Market,Filled,-22181.757666516,Warning: No quote information available at 03/04/2019 12:00:00 America/New_York, order filled using TradeBar data 
2019-03-13T17:00:00Z,DFEN,43.161807357,352,Market,Filled,15192.956189664,Warning: No quote information available at 03/13/2019 13:00:00 America/New_York, order filled using TradeBar data 
2019-03-15T14:00:00Z,DFEN,41.350148553,-352,Market,Filled,-14555.252290656,Warning: No quote information available at 03/15/2019 10:00:00 America/New_York, order filled using TradeBar data 
2019-03-18T19:00:00Z,DFEN,42.284887404,512,Market,Filled,21649.862350848,Warning: No quote information available at 03/18/2019 15:00:00 America/New_York, order filled using TradeBar data 
2019-03-22T14:00:00Z,DFEN,40.842625728,-512,Market,Filled,-20911.424372736,Warning: No quote information available at 03/22/2019 10:00:00 America/New_York, order filled using TradeBar data 
2019-03-26T14:00:00Z,DFEN,41.219010984,347,Market,Filled,14302.996811448,Warning: No quote information available at 03/26/2019 10:00:00 America/New_York, order filled using TradeBar data 
2019-03-26T15:00:00Z,DFEN,41.392727256,160,Market,Filled,6622.83636096,Warning: No quote information available at 03/26/2019 11:00:00 America/New_York, order filled using TradeBar data 
2019-03-26T16:00:00Z,DFEN,40.5337968,-160,Market,Filled,-6485.407488,Warning: No quote information available at 03/26/2019 12:00:00 America/New_York, order filled using TradeBar data 
2019-03-26T18:00:00Z,DFEN,39.887186232,-347,Market,Filled,-13840.853622504,Warning: No quote information available at 03/26/2019 14:00:00 America/New_York, order filled using TradeBar data 
2019-03-27T14:00:00Z,DFEN,41.006691096,496,Market,Filled,20339.318783616,Warning: No quote information available at 03/27/2019 10:00:00 America/New_York, order filled using TradeBar data 
2019-03-27T16:00:00Z,DFEN,39.588008208,-156,Market,Filled,-6175.729280448,Warning: No quote information available at 03/27/2019 12:00:00 America/New_York, order filled using TradeBar data 
2019-03-28T14:00:00Z,DFEN,41.016342,151,Market,Filled,6193.467642,Warning: No quote information available at 03/28/2019 10:00:00 America/New_York, order filled using TradeBar data 
2019-04-03T18:00:00Z,DFEN,43.255351728,-337,Market,Filled,-14577.053532336,Warning: No quote information available at 04/03/2019 14:00:00 America/New_York, order filled using TradeBar data 
2019-04-04T14:00:00Z,DFEN,44.751241848,324,Market,Filled,14499.402358752,Warning: No quote information available at 04/04/2019 10:00:00 America/New_York, order filled using TradeBar data 
2019-04-08T14:00:00Z,DFEN,43.6703406,-478,Market,Filled,-20874.4228068,Warning: No quote information available at 04/08/2019 10:00:00 America/New_York, order filled using TradeBar data 
2019-04-11T14:00:00Z,DFEN,43.535227944,328,Market,Filled,14279.554765632,Warning: No quote information available at 04/11/2019 10:00:00 America/New_York, order filled using TradeBar data 
2019-04-12T14:00:00Z,DFEN,45.3592488,145,Market,Filled,6577.091076,Warning: No quote information available at 04/12/2019 10:00:00 America/New_York, order filled using TradeBar data 
2019-04-25T14:00:00Z,DFEN,46.816535304,-324,Market,Filled,-15168.557438496,Warning: No quote information available at 04/25/2019 10:00:00 America/New_York, order filled using TradeBar data 
2019-04-25T16:00:00Z,DFEN,47.7719748,317,Market,Filled,15143.7160116,Warning: No quote information available at 04/25/2019 12:00:00 America/New_York, order filled using TradeBar data 
2019-05-02T16:00:00Z,DFEN,47.839531128,-466,Market,Filled,-22293.221505648,Warning: No quote information available at 05/02/2019 12:00:00 America/New_York, order filled using TradeBar data 
2019-05-03T14:00:00Z,DFEN,49.866220968,447,Market,Filled,22290.200772696,Warning: No quote information available at 05/03/2019 10:00:00 America/New_York, order filled using TradeBar data 
2019-05-06T14:00:00Z,DFEN,48.379981752,-447,Market,Filled,-21625.851843144,Warning: No quote information available at 05/06/2019 10:00:00 America/New_York, order filled using TradeBar data 
2019-05-06T19:00:00Z,DFEN,49.65390108,436,Market,Filled,21649.10087088,Warning: No quote information available at 05/06/2019 15:00:00 America/New_York, order filled using TradeBar data 
2019-05-07T14:00:00Z,DFEN,47.665814856,-436,Market,Filled,-20782.295277216,Warning: No quote information available at 05/07/2019 10:00:00 America/New_York, order filled using TradeBar data 
2019-05-10T14:00:00Z,DFEN,46.85513892,304,Market,Filled,14243.96223168,Warning: No quote information available at 05/10/2019 10:00:00 America/New_York, order filled using TradeBar data 
2019-05-10T16:00:00Z,DFEN,45.06972168,-304,Market,Filled,-13701.19539072,Warning: No quote information available at 05/10/2019 12:00:00 America/New_York, order filled using TradeBar data 
2019-05-10T19:00:00Z,DFEN,47.135015136,295,Market,Filled,13904.82946512,Warning: No quote information available at 05/10/2019 15:00:00 America/New_York, order filled using TradeBar data 
2019-05-13T14:00:00Z,DFEN,44.365205688,-295,Market,Filled,-13087.73567796,Warning: No quote information available at 05/13/2019 10:00:00 America/New_York, order filled using TradeBar data 
2019-05-15T19:00:00Z,DFEN,45.561917784,293,Market,Filled,13349.641910712,Warning: No quote information available at 05/15/2019 15:00:00 America/New_York, order filled using TradeBar data 
2019-05-16T14:00:00Z,DFEN,46.305037392,133,Market,Filled,6158.569973136,Warning: No quote information available at 05/16/2019 10:00:00 America/New_York, order filled using TradeBar data 
2019-05-23T14:00:00Z,DFEN,44.191489416,-426,Market,Filled,-18825.574491216,Warning: No quote information available at 05/23/2019 10:00:00 America/New_York, order filled using TradeBar data 
2019-05-28T14:00:00Z,DFEN,46.285735584,279,Market,Filled,12913.720227936,Warning: No quote information available at 05/28/2019 10:00:00 America/New_York, order filled using TradeBar data 
2019-05-28T20:00:00Z,DFEN,44.336252976,-279,Market On Open,Filled,-12369.814580304, 
2019-05-30T14:00:00Z,DFEN,45.40750332,276,Market,Filled,12532.47091632,Warning: No quote information available at 05/30/2019 10:00:00 America/New_York, order filled using TradeBar data 
2019-05-30T19:00:00Z,DFEN,44.635431,-276,Market,Filled,-12319.378956,Warning: No quote information available at 05/30/2019 15:00:00 America/New_York, order filled using TradeBar data 
2019-06-04T14:00:00Z,DFEN,45.426805128,399,Market,Filled,18125.295246072,Warning: No quote information available at 06/04/2019 10:00:00 America/New_York, order filled using TradeBar data 
2019-06-11T14:00:00Z,DFEN,47.067458808,-399,Market,Filled,-18779.916064392,Warning: No quote information available at 06/11/2019 10:00:00 America/New_York, order filled using TradeBar data 
2019-06-13T20:00:00Z,DFEN,46.671771744,272,Market On Open,Filled,12694.721914368, 
2019-06-17T19:00:00Z,DFEN,47.048157,129,Market,Filled,6069.212253,Warning: No quote information available at 06/17/2019 15:00:00 America/New_York, order filled using TradeBar data 
2019-06-25T19:00:00Z,DFEN,50.90491152,-275,Market,Filled,-13998.850668,Warning: No quote information available at 06/25/2019 15:00:00 America/New_York, order filled using TradeBar data 
2019-06-26T15:00:00Z,DFEN,50.982186528,-126,Market,Filled,-6423.755502528,Warning: No quote information available at 06/26/2019 11:00:00 America/New_York, order filled using TradeBar data 
2019-06-28T16:00:00Z,DFEN,50.991845904,273,Market,Filled,13920.773931792,Warning: No quote information available at 06/28/2019 12:00:00 America/New_York, order filled using TradeBar data 
2019-06-28T17:00:00Z,DFEN,51.349242816,125,Market,Filled,6418.655352,Warning: No quote information available at 06/28/2019 13:00:00 America/New_York, order filled using TradeBar data 
2019-07-01T18:00:00Z,DFEN,50.054886432,-398,Market,Filled,-19921.844799936,Warning: No quote information available at 07/01/2019 14:00:00 America/New_York, order filled using TradeBar data 
2019-07-02T15:00:00Z,DFEN,50.827636512,392,Market,Filled,19924.433512704,Warning: No quote information available at 07/02/2019 11:00:00 America/New_York, order filled using TradeBar data 
2019-07-05T15:00:00Z,DFEN,50.03556768,-268,Market,Filled,-13409.53213824,Warning: No quote information available at 07/05/2019 11:00:00 America/New_York, order filled using TradeBar data 
2019-07-05T17:00:00Z,DFEN,50.982186528,263,Market,Filled,13408.315056864,Warning: No quote information available at 07/05/2019 13:00:00 America/New_York, order filled using TradeBar data 
2019-07-08T16:00:00Z,DFEN,50.122502064,-265,Market,Filled,-13282.46304696,Warning: No quote information available at 07/08/2019 12:00:00 America/New_York, order filled using TradeBar data 
2019-07-08T18:00:00Z,DFEN,49.89067704,-122,Market,Filled,-6086.66259888,Warning: No quote information available at 07/08/2019 14:00:00 America/New_York, order filled using TradeBar data 
2019-07-10T14:00:00Z,DFEN,51.803233488,374,Market,Filled,19374.409324512,Warning: No quote information available at 07/10/2019 10:00:00 America/New_York, order filled using TradeBar data 
2019-07-17T14:00:00Z,DFEN,52.35381792,-256,Market,Filled,-13402.57738752,Warning: No quote information available at 07/17/2019 10:00:00 America/New_York, order filled using TradeBar data 
2019-07-18T14:00:00Z,DFEN,51.358902192,-118,Market,Filled,-6060.350458656,Warning: No quote information available at 07/18/2019 10:00:00 America/New_York, order filled using TradeBar data 
2019-07-19T14:00:00Z,DFEN,52.769171088,369,Market,Filled,19471.824131472,Warning: No quote information available at 07/19/2019 10:00:00 America/New_York, order filled using TradeBar data 
2019-07-29T14:00:00Z,DFEN,52.74019296,-369,Market,Filled,-19461.13120224,Warning: No quote information available at 07/29/2019 10:00:00 America/New_York, order filled using TradeBar data 
2019-07-31T14:00:00Z,DFEN,53.570899296,363,Market,Filled,19446.236444448,Warning: No quote information available at 07/31/2019 10:00:00 America/New_York, order filled using TradeBar data 
2019-07-31T19:00:00Z,DFEN,52.295861664,-114,Market,Filled,-5961.728229696,Warning: No quote information available at 07/31/2019 15:00:00 America/New_York, order filled using TradeBar data 
2019-07-31T20:00:00Z,DFEN,51.552089712,-249,Market On Open,Filled,-12836.470338288, 
2019-08-01T15:00:00Z,DFEN,52.527686688,245,Market,Filled,12869.28323856,Warning: No quote information available at 08/01/2019 11:00:00 America/New_York, order filled using TradeBar data 
2019-08-01T18:00:00Z,DFEN,50.740702128,-245,Market,Filled,-12431.47202136,Warning: No quote information available at 08/01/2019 14:00:00 America/New_York, order filled using TradeBar data 
2019-08-06T18:00:00Z,DFEN,48.432111264,260,Market,Filled,12592.34892864,Warning: No quote information available at 08/06/2019 14:00:00 America/New_York, order filled using TradeBar data 
2019-08-07T17:00:00Z,DFEN,49.320773856,118,Market,Filled,5819.851315008,Warning: No quote information available at 08/07/2019 13:00:00 America/New_York, order filled using TradeBar data 
2019-08-14T14:00:00Z,DFEN,48.663936288,-378,Market,Filled,-18394.967916864,Warning: No quote information available at 08/14/2019 10:00:00 America/New_York, order filled using TradeBar data 
2019-08-16T14:00:00Z,DFEN,48.577001904,259,Market,Filled,12581.443493136,Warning: No quote information available at 08/16/2019 10:00:00 America/New_York, order filled using TradeBar data 
2019-08-16T18:00:00Z,DFEN,49.60089576,117,Market,Filled,5803.30480392,Warning: No quote information available at 08/16/2019 14:00:00 America/New_York, order filled using TradeBar data 
2019-08-23T20:00:00Z,DFEN,52.59530232,-258,Market On Open,Filled,-13569.58799856, 
2019-08-27T16:00:00Z,DFEN,51.1946928,-118,Market,Filled,-6040.9737504,Warning: No quote information available at 08/27/2019 12:00:00 America/New_York, order filled using TradeBar data 
2019-08-28T15:00:00Z,DFEN,51.96744288,257,Market,Filled,13355.63282016,Warning: No quote information available at 08/28/2019 11:00:00 America/New_York, order filled using TradeBar data 
2019-08-28T16:00:00Z,DFEN,52.952699232,117,Market,Filled,6195.465810144,Warning: No quote information available at 08/28/2019 12:00:00 America/New_York, order filled using TradeBar data 
2019-09-03T15:00:00Z,DFEN,53.02997424,-256,Market,Filled,-13575.67340544,Warning: No quote information available at 09/03/2019 11:00:00 America/New_York, order filled using TradeBar data 
2019-09-04T14:00:00Z,DFEN,55.261290096,245,Market,Filled,13539.01607352,Warning: No quote information available at 09/04/2019 10:00:00 America/New_York, order filled using TradeBar data 
2019-09-09T16:00:00Z,DFEN,55.97608392,-249,Market,Filled,-13938.04489608,Warning: No quote information available at 09/09/2019 12:00:00 America/New_York, order filled using TradeBar data 
2019-09-10T14:00:00Z,DFEN,53.348733648,-114,Market,Filled,-6081.755635872,Warning: No quote information available at 09/10/2019 10:00:00 America/New_York, order filled using TradeBar data 
2019-09-10T20:00:00Z,DFEN,56.323821456,112,Market On Open,Filled,6308.268003072, 
2019-09-11T14:00:00Z,DFEN,56.729515248,242,Market,Filled,13728.542690016,Warning: No quote information available at 09/11/2019 10:00:00 America/New_York, order filled using TradeBar data 
2019-09-20T16:00:00Z,DFEN,60.776793792,-243,Market,Filled,-14768.760891456,Warning: No quote information available at 09/20/2019 12:00:00 America/New_York, order filled using TradeBar data 
2019-09-20T18:00:00Z,DFEN,59.530734288,-111,Market,Filled,-6607.911505968,Warning: No quote information available at 09/20/2019 14:00:00 America/New_York, order filled using TradeBar data 
2019-09-25T14:00:00Z,DFEN,59.148143436,246,Market,Filled,14550.443285256,Warning: No quote information available at 09/25/2019 10:00:00 America/New_York, order filled using TradeBar data 
2019-09-25T19:00:00Z,DFEN,60.552282401,111,Market,Filled,6721.303346511,Warning: No quote information available at 09/25/2019 15:00:00 America/New_York, order filled using TradeBar data 
2019-09-27T19:00:00Z,DFEN,57.792423056,-357,Market,Filled,-20631.895030992,Warning: No quote information available at 09/27/2019 15:00:00 America/New_York, order filled using TradeBar data 
2019-10-04T14:00:00Z,DFEN,53.16360633,266,Market,Filled,14141.51928378,Warning: No quote information available at 10/04/2019 10:00:00 America/New_York, order filled using TradeBar data 
2019-10-07T14:00:00Z,DFEN,54.122294313,121,Market,Filled,6548.797611873,Warning: No quote information available at 10/07/2019 10:00:00 America/New_York, order filled using TradeBar data 
2019-10-08T14:00:00Z,DFEN,51.982192856,-387,Market,Filled,-20117.108635272,Warning: No quote information available at 10/08/2019 10:00:00 America/New_York, order filled using TradeBar data 
2019-10-08T17:00:00Z,DFEN,53.405699255,119,Market,Filled,6355.278211345,Warning: No quote information available at 10/08/2019 13:00:00 America/New_York, order filled using TradeBar data 
2019-10-08T18:00:00Z,DFEN,53.74462935,257,Market,Filled,13812.36974295,Warning: No quote information available at 10/08/2019 14:00:00 America/New_York, order filled using TradeBar data 
2019-10-17T20:00:00Z,DFEN,54.567745295,-376,Market On Open,Filled,-20517.47223092, 
2019-10-23T14:00:00Z,DFEN,52.117764894,269,Market,Filled,14019.678756486,Warning: No quote information available at 10/23/2019 10:00:00 America/New_York, order filled using TradeBar data 
2019-10-24T14:00:00Z,DFEN,51.914406837,124,Market,Filled,6437.386447788,Warning: No quote information available at 10/24/2019 10:00:00 America/New_York, order filled using TradeBar data 
2019-11-20T18:00:00Z,DFEN,62.963527934,-270,Market,Filled,-17000.15254218,Warning: No quote information available at 11/20/2019 13:00:00 America/New_York, order filled using TradeBar data 
2019-11-21T16:00:00Z,DFEN,62.130728272,-123,Market,Filled,-7642.079577456,Warning: No quote information available at 11/21/2019 11:00:00 America/New_York, order filled using TradeBar data 
2019-11-25T15:00:00Z,DFEN,62.508393235,267,Market,Filled,16689.740993745,Warning: No quote information available at 11/25/2019 10:00:00 America/New_York, order filled using TradeBar data 
2019-11-26T15:00:00Z,DFEN,62.837639613,123,Market,Filled,7729.029672399,Warning: No quote information available at 11/26/2019 10:00:00 America/New_York, order filled using TradeBar data 
2019-11-29T18:00:00Z,DFEN,62.479342084,-267,Market On Open,Filled,-16681.984336428, 
2019-12-02T15:00:00Z,DFEN,61.675593573,-123,Market,Filled,-7586.098009479,Warning: No quote information available at 12/02/2019 10:00:00 America/New_York, order filled using TradeBar data 
2019-12-05T15:00:00Z,DFEN,58.092618283,286,Market,Filled,16614.488828938,Warning: No quote information available at 12/05/2019 10:00:00 America/New_York, order filled using TradeBar data 
2019-12-06T15:00:00Z,DFEN,59.477389814,129,Market,Filled,7672.583286006,Warning: No quote information available at 12/06/2019 10:00:00 America/New_York, order filled using TradeBar data 
2019-12-10T21:00:00Z,DFEN,57.879576509,-284,Market On Open,Filled,-16437.799728556, 
2019-12-11T15:00:00Z,DFEN,58.034515981,-131,Market,Filled,-7602.521593511,Warning: No quote information available at 12/11/2019 10:00:00 America/New_York, order filled using TradeBar data 
2019-12-11T19:00:00Z,DFEN,58.518701831,129,Market,Filled,7548.912536199,Warning: No quote information available at 12/11/2019 14:00:00 America/New_York, order filled using TradeBar data 
2019-12-11T20:00:00Z,DFEN,58.838264492,281,Market,Filled,16533.552322252,Warning: No quote information available at 12/11/2019 15:00:00 America/New_York, order filled using TradeBar data 
2019-12-16T16:00:00Z,DFEN,58.044199698,-410,Market,Filled,-23798.12187618,Warning: No quote information available at 12/16/2019 11:00:00 America/New_York, order filled using TradeBar data 
2019-12-20T15:00:00Z,DFEN,56.833735073,286,Market,Filled,16254.448230878,Warning: No quote information available at 12/20/2019 10:00:00 America/New_York, order filled using TradeBar data 
2019-12-20T19:00:00Z,DFEN,56.930572243,132,Market,Filled,7514.835536076,Warning: No quote information available at 12/20/2019 14:00:00 America/New_York, order filled using TradeBar data 
2019-12-26T16:00:00Z,DFEN,57.35010656,-286,Market,Filled,-16402.13047616,Warning: No quote information available at 12/26/2019 11:00:00 America/New_York, order filled using TradeBar data 
2019-12-30T15:00:00Z,DFEN,56.39501416038,-132,Market,Filled,-7444.1418691702,Warning: No quote information available at 12/30/2019 10:00:00 America/New_York, order filled using TradeBar data 
2020-01-02T15:00:00Z,DFEN,57.54385692,415,Market,Filled,23880.7006218,Warning: No quote information available at 01/02/2020 10:00:00 America/New_York, order filled using TradeBar data 
2020-01-10T17:00:00Z,DFEN,61.01227898954,-285,Market,Filled,-17388.499512019,Warning: No quote information available at 01/10/2020 12:00:00 America/New_York, order filled using TradeBar data 
2020-01-10T21:00:00Z,DFEN,61.099176026,-130,Market On Open,Filled,-7942.89288338, 
2020-01-13T16:00:00Z,DFEN,61.6586301905,280,Market,Filled,17264.41645334,Warning: No quote information available at 01/13/2020 11:00:00 America/New_York, order filled using TradeBar data 
2020-01-13T18:00:00Z,DFEN,62.058240308,128,Market,Filled,7943.454759424,Warning: No quote information available at 01/13/2020 13:00:00 America/New_York, order filled using TradeBar data 
2020-01-14T15:00:00Z,DFEN,60.94921324736,-408,Market,Filled,-24867.279004923,Warning: No quote information available at 01/14/2020 10:00:00 America/New_York, order filled using TradeBar data 
2020-01-14T17:00:00Z,DFEN,62.23009687732,400,Market,Filled,24892.038750928,Warning: No quote information available at 01/14/2020 12:00:00 America/New_York, order filled using TradeBar data 
2020-01-21T19:00:00Z,DFEN,60.905425666,-400,Market,Filled,-24362.1702664,Warning: No quote information available at 01/21/2020 14:00:00 America/New_York, order filled using TradeBar data 
2020-01-23T18:00:00Z,DFEN,62.04855279,269,Market,Filled,16691.06070051,Warning: No quote information available at 01/23/2020 13:00:00 America/New_York, order filled using TradeBar data 
2020-01-23T20:00:00Z,DFEN,62.62069760308,123,Market,Filled,7702.3458051788,Warning: No quote information available at 01/23/2020 15:00:00 America/New_York, order filled using TradeBar data 
2020-01-24T19:00:00Z,DFEN,61.21135748444,-124,Market,Filled,-7590.2083280706,Warning: No quote information available at 01/24/2020 14:00:00 America/New_York, order filled using TradeBar data 
2020-01-24T20:00:00Z,DFEN,63.06574218,120,Market,Filled,7567.8890616,Warning: No quote information available at 01/24/2020 15:00:00 America/New_York, order filled using TradeBar data 
2020-01-27T16:00:00Z,DFEN,60.80312547592,-122,Market,Filled,-7417.9813080622,Warning: No quote information available at 01/27/2020 11:00:00 America/New_York, order filled using TradeBar data 
2020-01-28T16:00:00Z,DFEN,62.72667905,119,Market,Filled,7464.47480695,Warning: No quote information available at 01/28/2020 11:00:00 America/New_York, order filled using TradeBar data 
2020-01-31T16:00:00Z,DFEN,60.1701430498,-385,Market,Filled,-23165.505074173,Warning: No quote information available at 01/31/2020 11:00:00 America/New_York, order filled using TradeBar data 
2020-02-04T15:00:00Z,DFEN,61.64283953616,376,Market,Filled,23177.707665596,Warning: No quote information available at 02/04/2020 10:00:00 America/New_York, order filled using TradeBar data 
2020-02-14T16:00:00Z,DFEN,67.812626,-258,Market,Filled,-17495.657508,Warning: No quote information available at 02/14/2020 11:00:00 America/New_York, order filled using TradeBar data 
2020-02-14T19:00:00Z,DFEN,67.1417653785,-118,Market,Filled,-7922.728314663,Warning: No quote information available at 02/14/2020 14:00:00 America/New_York, order filled using TradeBar data 
2020-03-03T15:00:00Z,DFEN,43.1094551,402,Market,Filled,17330.0009502,Warning: No quote information available at 03/03/2020 10:00:00 America/New_York, order filled using TradeBar data 
2020-03-03T16:00:00Z,DFEN,46.06414809,172,Market,Filled,7923.03347148,Warning: No quote information available at 03/03/2020 11:00:00 America/New_York, order filled using TradeBar data 
2020-03-03T19:00:00Z,DFEN,42.024453084,-179,Market,Filled,-7522.377102036,Warning: No quote information available at 03/03/2020 14:00:00 America/New_York, order filled using TradeBar data 
2020-03-04T18:00:00Z,DFEN,44.034613069,173,Market,Filled,7617.988060937,Warning: No quote information available at 03/04/2020 13:00:00 America/New_York, order filled using TradeBar data 
2020-03-05T17:00:00Z,DFEN,39.723667559,-568,Market,Filled,-22563.043173512,Warning: No quote information available at 03/05/2020 12:00:00 America/New_York, order filled using TradeBar data 
2020-03-24T14:00:00Z,DFEN,7.341211592,3089,Market,Filled,22677.002607688,Warning: No quote information available at 03/24/2020 10:00:00 America/New_York, order filled using TradeBar data 
2020-03-30T14:00:00Z,DFEN,9.96167081,-2127,Market,Filled,-21188.47381287,Warning: No quote information available at 03/30/2020 10:00:00 America/New_York, order filled using TradeBar data 
2020-04-01T14:00:00Z,DFEN,8.617090612,-962,Market,Filled,-8289.641168744,Warning: No quote information available at 04/01/2020 10:00:00 America/New_York, order filled using TradeBar data 
2020-04-06T14:00:00Z,DFEN,9.63769568346,3020,Market,Filled,29105.840964049,Warning: No quote information available at 04/06/2020 10:00:00 America/New_York, order filled using TradeBar data 
2020-04-15T14:00:00Z,DFEN,10.413135694,-3020,Market,Filled,-31447.66979588,Warning: No quote information available at 04/15/2020 10:00:00 America/New_York, order filled using TradeBar data 
2020-04-17T14:00:00Z,DFEN,11.993262788,2610,Market,Filled,31302.41587668,Warning: No quote information available at 04/17/2020 10:00:00 America/New_York, order filled using TradeBar data 
2020-04-21T14:00:00Z,DFEN,10.6604599348,-1781,Market,Filled,-18986.279143879,Warning: No quote information available at 04/21/2020 10:00:00 America/New_York, order filled using TradeBar data 
2020-04-21T15:00:00Z,DFEN,10.197217706,-829,Market,Filled,-8453.493478274,Warning: No quote information available at 04/21/2020 11:00:00 America/New_York, order filled using TradeBar data 
2020-04-23T14:00:00Z,DFEN,10.51991695352,1796,Market,Filled,18893.770848522,Warning: No quote information available at 04/23/2020 10:00:00 America/New_York, order filled using TradeBar data 
2020-04-23T15:00:00Z,DFEN,10.766456038,808,Market,Filled,8699.296478704,Warning: No quote information available at 04/23/2020 11:00:00 America/New_York, order filled using TradeBar data 
2020-04-23T18:00:00Z,DFEN,10.4141171394,-820,Market,Filled,-8539.576054308,Warning: No quote information available at 04/23/2020 14:00:00 America/New_York, order filled using TradeBar data 
2020-04-23T20:00:00Z,DFEN,10.45239351,-1784,Market On Open,Filled,-18647.07002184, 
2020-04-27T15:00:00Z,DFEN,10.37613520242,2622,Market,Filled,27206.226500745,Warning: No quote information available at 04/27/2020 11:00:00 America/New_York, order filled using TradeBar data 
2020-05-01T14:00:00Z,DFEN,10.54504195576,-2622,Market,Filled,-27649.100008003,Warning: No quote information available at 05/01/2020 10:00:00 America/New_York, order filled using TradeBar data 
2020-05-07T14:00:00Z,DFEN,9.608350466,1965,Market,Filled,18880.40866569,Warning: No quote information available at 05/07/2020 10:00:00 America/New_York, order filled using TradeBar data 
2020-05-08T14:00:00Z,DFEN,10.314991154,838,Market,Filled,8643.962587052,Warning: No quote information available at 05/08/2020 10:00:00 America/New_York, order filled using TradeBar data 
2020-05-12T20:00:00Z,DFEN,9.3237313,-2803,Market On Open,Filled,-26134.4188339, 
2020-05-18T14:00:00Z,DFEN,9.573999877,2742,Market,Filled,26251.907662734,Warning: No quote information available at 05/18/2020 10:00:00 America/New_York, order filled using TradeBar data 
2020-06-10T14:00:00Z,DFEN,17.455006439,-1896,Market,Filled,-33094.692208344,Warning: No quote information available at 06/10/2020 10:00:00 America/New_York, order filled using TradeBar data 
2020-06-10T15:00:00Z,DFEN,16.763087432,-846,Market,Filled,-14181.571967472,Warning: No quote information available at 06/10/2020 11:00:00 America/New_York, order filled using TradeBar data 
2020-06-16T14:00:00Z,DFEN,15.585352952,2964,Market,Filled,46194.986149728,Warning: No quote information available at 06/16/2020 10:00:00 America/New_York, order filled using TradeBar data 
2020-06-19T16:00:00Z,DFEN,13.9865783954,-2023,Market,Filled,-28294.848093894,Warning: No quote information available at 06/19/2020 12:00:00 America/New_York, order filled using TradeBar data 
2020-06-19T18:00:00Z,DFEN,13.170997268,-941,Market,Filled,-12393.908429188,Warning: No quote information available at 06/19/2020 14:00:00 America/New_York, order filled using TradeBar data 
2020-06-29T14:00:00Z,DFEN,11.67937876,2398,Market,Filled,28007.15026648,Warning: No quote information available at 06/29/2020 10:00:00 America/New_York, order filled using TradeBar data 
2020-06-29T18:00:00Z,DFEN,12.248625792,1050,Market,Filled,12861.0570816,Warning: No quote information available at 06/29/2020 14:00:00 America/New_York, order filled using TradeBar data 
2020-07-07T15:00:00Z,DFEN,11.7775248,-2358,Market,Filled,-27771.4034784,Warning: No quote information available at 07/07/2020 11:00:00 America/New_York, order filled using TradeBar data 
2020-07-07T17:00:00Z,DFEN,11.649934948,-1090,Market,Filled,-12698.42909332,Warning: No quote information available at 07/07/2020 13:00:00 America/New_York, order filled using TradeBar data 
2020-07-13T16:00:00Z,DFEN,10.64884534,2604,Market,Filled,27729.59326536,Warning: No quote information available at 07/13/2020 12:00:00 America/New_York, order filled using TradeBar data 
2020-07-13T18:00:00Z,DFEN,11.1798154164,1138,Market,Filled,12722.629943863,Warning: No quote information available at 07/13/2020 14:00:00 America/New_York, order filled using TradeBar data 
2020-07-13T20:00:00Z,DFEN,10.3053342,-1172,Market On Open,Filled,-12077.8516824, 
2020-07-14T19:00:00Z,DFEN,10.707732964,1138,Market,Filled,12185.400113032,Warning: No quote information available at 07/14/2020 15:00:00 America/New_York, order filled using TradeBar data 
2020-07-20T14:00:00Z,DFEN,11.100317124,-2540,Market,Filled,-28194.80549496,Warning: No quote information available at 07/20/2020 10:00:00 America/New_York, order filled using TradeBar data 
2020-07-21T14:00:00Z,DFEN,12.17010896,2303,Market,Filled,28027.76093488,Warning: No quote information available at 07/21/2020 10:00:00 America/New_York, order filled using TradeBar data 
2020-07-24T17:00:00Z,DFEN,11.640120344,-2373,Market,Filled,-27622.005576312,Warning: No quote information available at 07/24/2020 13:00:00 America/New_York, order filled using TradeBar data 
2020-07-27T14:00:00Z,DFEN,11.31456992932,-1098,Market,Filled,-12423.397782393,Warning: No quote information available at 07/27/2020 10:00:00 America/New_York, order filled using TradeBar data 
2020-08-03T18:00:00Z,DFEN,10.609586924,2588,Market,Filled,27457.610959312,Warning: No quote information available at 08/03/2020 14:00:00 America/New_York, order filled using TradeBar data 
2020-08-04T14:00:00Z,DFEN,10.94308716792,1154,Market,Filled,12628.32259178,Warning: No quote information available at 08/04/2020 10:00:00 America/New_York, order filled using TradeBar data 
2020-08-14T14:00:00Z,DFEN,12.7589852,-2570,Market,Filled,-32790.591964,Warning: No quote information available at 08/14/2020 10:00:00 America/New_York, order filled using TradeBar data 
2020-08-14T15:00:00Z,DFEN,13.15166750604,2463,Market,Filled,32392.557067377,Warning: No quote information available at 08/14/2020 11:00:00 America/New_York, order filled using TradeBar data 
2020-08-17T19:00:00Z,DFEN,12.56269312,-3635,Market,Filled,-45665.3894912,Warning: No quote information available at 08/17/2020 15:00:00 America/New_York, order filled using TradeBar data 
2020-08-24T14:00:00Z,DFEN,12.091592128,3783,Market,Filled,45742.493020224,Warning: No quote information available at 08/24/2020 10:00:00 America/New_York, order filled using TradeBar data 
2020-08-31T17:00:00Z,DFEN,12.12103594,-2589,Market,Filled,-31381.36204866,Warning: No quote information available at 08/31/2020 13:00:00 America/New_York, order filled using TradeBar data 
2020-09-01T14:00:00Z,DFEN,12.037611806,-1194,Market,Filled,-14372.908496364,Warning: No quote information available at 09/01/2020 10:00:00 America/New_York, order filled using TradeBar data 
2020-09-01T17:00:00Z,DFEN,12.346771832,1169,Market,Filled,14433.376271608,Warning: No quote information available at 09/01/2020 13:00:00 America/New_York, order filled using TradeBar data 
2020-09-02T14:00:00Z,DFEN,12.38544137176,2526,Market,Filled,31285.624905066,Warning: No quote information available at 09/02/2020 10:00:00 America/New_York, order filled using TradeBar data 
2020-09-03T17:00:00Z,DFEN,12.062148316,-1164,Market,Filled,-14040.340639824,Warning: No quote information available at 09/03/2020 13:00:00 America/New_York, order filled using TradeBar data 
2020-09-04T15:00:00Z,DFEN,11.669564156,-2531,Market,Filled,-29535.666878836,Warning: No quote information available at 09/04/2020 11:00:00 America/New_York, order filled using TradeBar data 
2020-09-10T14:00:00Z,DFEN,11.46355561804,2605,Market,Filled,29862.562384994,Warning: No quote information available at 09/10/2020 10:00:00 America/New_York, order filled using TradeBar data 
2020-09-10T15:00:00Z,DFEN,10.99235648,-2605,Market,Filled,-28635.0886304,Warning: No quote information available at 09/10/2020 11:00:00 America/New_York, order filled using TradeBar data 
2020-09-11T15:00:00Z,DFEN,11.0414295,2631,Market,Filled,29050.0010145,Warning: No quote information available at 09/11/2020 11:00:00 America/New_York, order filled using TradeBar data 
2020-09-14T14:00:00Z,DFEN,11.502715888,1160,Market,Filled,13343.15043008,Warning: No quote information available at 09/14/2020 10:00:00 America/New_York, order filled using TradeBar data 
2020-09-21T14:00:00Z,DFEN,10.933468856,-3791,Market,Filled,-41448.780433096,Warning: No quote information available at 09/21/2020 10:00:00 America/New_York, order filled using TradeBar data 
2020-09-23T14:00:00Z,DFEN,11.04633587792,2572,Market,Filled,28411.17587801,Warning: No quote information available at 09/23/2020 10:00:00 America/New_York, order filled using TradeBar data 
2020-09-23T16:00:00Z,DFEN,10.580518256,-2572,Market,Filled,-27213.092954432,Warning: No quote information available at 09/23/2020 12:00:00 America/New_York, order filled using TradeBar data 
2020-09-25T19:00:00Z,DFEN,10.143752892,2723,Market,Filled,27621.439124916,Warning: No quote information available at 09/25/2020 15:00:00 America/New_York, order filled using TradeBar data 
2020-09-28T14:00:00Z,DFEN,10.865151864,1163,Market,Filled,12636.171617832,Warning: No quote information available at 09/28/2020 10:00:00 America/New_York, order filled using TradeBar data 
2020-10-01T18:00:00Z,DFEN,10.25662484,-2656,Market,Filled,-27241.59557504,Warning: No quote information available at 10/01/2020 14:00:00 America/New_York, order filled using TradeBar data 
2020-10-02T14:00:00Z,DFEN,9.991621136,-1230,Market,Filled,-12289.69399728,Warning: No quote information available at 10/02/2020 10:00:00 America/New_York, order filled using TradeBar data 
2020-10-02T17:00:00Z,DFEN,10.727742536,3695,Market,Filled,39639.00867052,Warning: No quote information available at 10/02/2020 13:00:00 America/New_York, order filled using TradeBar data 
2020-10-13T15:00:00Z,DFEN,11.012376144,-2530,Market,Filled,-27861.31164432,Warning: No quote information available at 10/13/2020 11:00:00 America/New_York, order filled using TradeBar data 
2020-10-13T16:00:00Z,DFEN,10.884781768,-1165,Market,Filled,-12680.77075972,Warning: No quote information available at 10/13/2020 12:00:00 America/New_York, order filled using TradeBar data 
2020-10-14T14:00:00Z,DFEN,11.375529368,3557,Market,Filled,40462.757961976,Warning: No quote information available at 10/14/2020 10:00:00 America/New_York, order filled using TradeBar data 
2020-10-15T14:00:00Z,DFEN,10.96104394504,-3557,Market,Filled,-38988.433312507,Warning: No quote information available at 10/15/2020 10:00:00 America/New_York, order filled using TradeBar data 
2020-10-15T19:00:00Z,DFEN,11.267564896,2370,Market,Filled,26704.12880352,Warning: No quote information available at 10/15/2020 15:00:00 America/New_York, order filled using TradeBar data 
2020-10-15T20:00:00Z,DFEN,11.67979288,1084,Market On Open,Filled,12660.89548192, 
2020-10-20T20:00:00Z,DFEN,11.159600424,-2372,Market On Open,Filled,-26470.572205728, 
2020-10-21T14:00:00Z,DFEN,11.02209294648,-1082,Market,Filled,-11925.904568091,Warning: No quote information available at 10/21/2020 10:00:00 America/New_York, order filled using TradeBar data 
2020-10-22T18:00:00Z,DFEN,11.18904528,2328,Market,Filled,26048.09741184,Warning: No quote information available at 10/22/2020 14:00:00 America/New_York, order filled using TradeBar data 
2020-10-22T20:00:00Z,DFEN,11.355899464,1069,Market On Open,Filled,12139.456527016, 
2020-10-26T14:00:00Z,DFEN,10.590333208,-3397,Market,Filled,-35975.361907576,Warning: No quote information available at 10/26/2020 10:00:00 America/New_York, order filled using TradeBar data 
2020-11-02T15:00:00Z,DFEN,9.07127308696,2711,Market,Filled,24592.221338749,Warning: No quote information available at 11/02/2020 10:00:00 America/New_York, order filled using TradeBar data 
2020-11-02T16:00:00Z,DFEN,9.22605488,1227,Market,Filled,11320.36933776,Warning: No quote information available at 11/02/2020 11:00:00 America/New_York, order filled using TradeBar data 
2020-11-12T15:00:00Z,DFEN,12.7594376,-2712,Market,Filled,-34603.5947712,Warning: No quote information available at 11/12/2020 10:00:00 America/New_York, order filled using TradeBar data 
2020-11-13T15:00:00Z,DFEN,13.46719378872,2513,Market,Filled,33843.057991053,Warning: No quote information available at 11/13/2020 10:00:00 America/New_York, order filled using TradeBar data 
2020-11-20T20:00:00Z,DFEN,14.889282184,-2565,Market,Filled,-38191.00880196,Warning: No quote information available at 11/20/2020 15:00:00 America/New_York, order filled using TradeBar data 
2020-11-23T15:00:00Z,DFEN,15.674478344,2415,Market,Filled,37853.86520076,Warning: No quote information available at 11/23/2020 10:00:00 America/New_York, order filled using TradeBar data 
2020-11-30T15:00:00Z,DFEN,16.17013342,-2458,Market,Filled,-39746.18794636,Warning: No quote information available at 11/30/2020 10:00:00 America/New_York, order filled using TradeBar data 
2020-11-30T16:00:00Z,DFEN,15.708830676,-1131,Market,Filled,-17766.687494556,Warning: No quote information available at 11/30/2020 11:00:00 America/New_York, order filled using TradeBar data 
2020-12-01T16:00:00Z,DFEN,16.248653036,2418,Market,Filled,39289.243041048,Warning: No quote information available at 12/01/2020 11:00:00 America/New_York, order filled using TradeBar data 
2020-12-01T21:00:00Z,DFEN,15.4585494,-2418,Market On Open,Filled,-37378.7724492, 
2020-12-02T20:00:00Z,DFEN,16.155410992,2354,Market,Filled,38029.837475168,Warning: No quote information available at 12/02/2020 15:00:00 America/New_York, order filled using TradeBar data 
2020-12-03T15:00:00Z,DFEN,16.852272584,1036,Market,Filled,17458.954397024,Warning: No quote information available at 12/03/2020 10:00:00 America/New_York, order filled using TradeBar data 
2020-12-09T19:00:00Z,DFEN,16.989681912,-2320,Market,Filled,-39416.06203584,Warning: No quote information available at 12/09/2020 14:00:00 America/New_York, order filled using TradeBar data 
2020-12-11T17:00:00Z,DFEN,17.048571624,-1070,Market,Filled,-18241.97163768,Warning: No quote information available at 12/11/2020 12:00:00 America/New_York, order filled using TradeBar data 
2020-12-11T19:00:00Z,DFEN,17.549134176,3282,Market,Filled,57596.258365632,Warning: No quote information available at 12/11/2020 14:00:00 America/New_York, order filled using TradeBar data 
2020-12-14T17:00:00Z,DFEN,16.97986696,-1033,Market,Filled,-17540.20256968,Warning: No quote information available at 12/14/2020 12:00:00 America/New_York, order filled using TradeBar data 
2020-12-14T20:00:00Z,DFEN,16.852272584,-2249,Market,Filled,-37900.761041416,Warning: No quote information available at 12/14/2020 15:00:00 America/New_York, order filled using TradeBar data 
2020-12-15T19:00:00Z,DFEN,17.07801648,2225,Market,Filled,37998.586668,Warning: No quote information available at 12/15/2020 14:00:00 America/New_York, order filled using TradeBar data 
2020-12-16T18:00:00Z,DFEN,16.548009072,-2225,Market,Filled,-36819.3201852,Warning: No quote information available at 12/16/2020 13:00:00 America/New_York, order filled using TradeBar data 
2020-12-23T15:00:00Z,DFEN,16.755357225,3246,Market,Filled,54387.88955235,Warning: No quote information available at 12/23/2020 10:00:00 America/New_York, order filled using TradeBar data 
2020-12-29T18:00:00Z,DFEN,15.970103225,-2219,Market,Filled,-35437.659056275,Warning: No quote information available at 12/29/2020 13:00:00 America/New_York, order filled using TradeBar data 
2020-12-30T15:00:00Z,DFEN,16.725124946,2123,Market,Filled,35507.440260358,Warning: No quote information available at 12/30/2020 10:00:00 America/New_York, order filled using TradeBar data 
2021-01-04T15:00:00Z,DFEN,15.7836054,-3150,Market,Filled,-49718.35701,Warning: No quote information available at 01/04/2021 10:00:00 America/New_York, order filled using TradeBar data 
2021-01-06T15:00:00Z,DFEN,15.7492505375,2165,Market,Filled,34097.127413687,Warning: No quote information available at 01/06/2021 10:00:00 America/New_York, order filled using TradeBar data 
2021-01-06T16:00:00Z,DFEN,16.087891325,976,Market,Filled,15701.7819332,Warning: No quote information available at 01/06/2021 11:00:00 America/New_York, order filled using TradeBar data 
2021-01-08T19:00:00Z,DFEN,15.165217875,-3141,Market,Filled,-47633.949345375,Warning: No quote information available at 01/08/2021 14:00:00 America/New_York, order filled using TradeBar data 
2021-01-08T21:00:00Z,DFEN,14.86093195,959,Market On Open,Filled,14251.63374005, 
2021-01-12T15:00:00Z,DFEN,16.186048075,2065,Market,Filled,33424.189274875,Warning: No quote information available at 01/12/2021 10:00:00 America/New_York, order filled using TradeBar data 
2021-01-21T15:00:00Z,DFEN,16.11272498275,-3024,Market,Filled,-48724.880347836,Warning: No quote information available at 01/21/2021 10:00:00 America/New_York, order filled using TradeBar data 
2021-01-26T15:00:00Z,DFEN,16.097707,2071,Market,Filled,33338.351197,Warning: No quote information available at 01/26/2021 10:00:00 America/New_York, order filled using TradeBar data 
2021-01-26T17:00:00Z,DFEN,15.4685222325,-2071,Market,Filled,-32035.309543508,Warning: No quote information available at 01/26/2021 12:00:00 America/New_York, order filled using TradeBar data 
2021-02-01T17:00:00Z,DFEN,14.006968225,2318,Market,Filled,32468.15234555,Warning: No quote information available at 02/01/2021 12:00:00 America/New_York, order filled using TradeBar data 
2021-02-02T15:00:00Z,DFEN,15.01798275,990,Market,Filled,14867.8029225,Warning: No quote information available at 02/02/2021 10:00:00 America/New_York, order filled using TradeBar data 
2021-02-17T15:00:00Z,DFEN,17.462085825,-2271,Market,Filled,-39656.396908575,Warning: No quote information available at 02/17/2021 10:00:00 America/New_York, order filled using TradeBar data 
2021-02-17T20:00:00Z,DFEN,17.9283303875,2187,Market,Filled,39209.258557462,Warning: No quote information available at 02/17/2021 15:00:00 America/New_York, order filled using TradeBar data 
2021-02-18T16:00:00Z,DFEN,17.206878275,-3224,Market,Filled,-55474.9755586,Warning: No quote information available at 02/18/2021 11:00:00 America/New_York, order filled using TradeBar data 
2021-02-19T15:00:00Z,DFEN,17.9823166,3090,Market,Filled,55565.358294,Warning: No quote information available at 02/19/2021 10:00:00 America/New_York, order filled using TradeBar data 
2021-02-23T15:00:00Z,DFEN,17.275588,-3090,Market,Filled,-53381.56692,Warning: No quote information available at 02/23/2021 10:00:00 America/New_York, order filled using TradeBar data 
2021-02-23T21:00:00Z,DFEN,17.933238225,2979,Market On Open,Filled,53423.116672275, 
2021-02-25T21:00:00Z,DFEN,17.736924725,-2037,Market On Open,Filled,-36130.115664825, 
2021-02-26T15:00:00Z,DFEN,16.932039375,-942,Market,Filled,-15949.98109125,Warning: No quote information available at 02/26/2021 10:00:00 America/New_York, order filled using TradeBar data 
2021-03-01T15:00:00Z,DFEN,18.1393674,2875,Market,Filled,52150.681275,Warning: No quote information available at 03/01/2021 10:00:00 America/New_York, order filled using TradeBar data 
2021-03-05T15:00:00Z,DFEN,16.9614864,-2875,Market,Filled,-48764.2734,Warning: No quote information available at 03/05/2021 10:00:00 America/New_York, order filled using TradeBar data 
2021-03-08T15:00:00Z,DFEN,18.0215793,2714,Market,Filled,48910.5662202,Warning: No quote information available at 03/08/2021 10:00:00 America/New_York, order filled using TradeBar data 
2021-03-19T14:00:00Z,DFEN,20.1810278,-2714,Market,Filled,-54771.3094492,Warning: No quote information available at 03/19/2021 10:00:00 America/New_York, order filled using TradeBar data 
2021-03-24T15:00:00Z,DFEN,20.21311005,1843,Market,Filled,37252.76182215,Warning: No quote information available at 03/24/2021 11:00:00 America/New_York, order filled using TradeBar data 
2021-03-24T19:00:00Z,DFEN,19.0541465,-1843,Market,Filled,-35116.7919995,Warning: No quote information available at 03/24/2021 15:00:00 America/New_York, order filled using TradeBar data 
2021-03-25T17:00:00Z,DFEN,19.50594585,1838,Market,Filled,35851.9284723,Warning: No quote information available at 03/25/2021 13:00:00 America/New_York, order filled using TradeBar data 
2021-03-25T20:00:00Z,DFEN,20.222931775,826,Market On Open,Filled,16704.14164615, 
2021-04-07T16:00:00Z,DFEN,21.214926,-1828,Market,Filled,-38780.884728,Warning: No quote information available at 04/07/2021 12:00:00 America/New_York, order filled using TradeBar data 
2021-04-08T14:00:00Z,DFEN,21.19528255,-836,Market,Filled,-17719.2562118,Warning: No quote information available at 04/08/2021 10:00:00 America/New_York, order filled using TradeBar data 
2021-04-08T16:00:00Z,DFEN,21.637260175,819,Market,Filled,17720.916083325,Warning: No quote information available at 04/08/2021 12:00:00 America/New_York, order filled using TradeBar data 
2021-04-08T19:00:00Z,DFEN,21.9073576125,1753,Market,Filled,38403.597894712,Warning: No quote information available at 04/08/2021 15:00:00 America/New_York, order filled using TradeBar data 
2021-04-13T14:00:00Z,DFEN,21.3327867,-2572,Market,Filled,-54867.9273924,Warning: No quote information available at 04/13/2021 10:00:00 America/New_York, order filled using TradeBar data 
2021-04-13T19:00:00Z,DFEN,21.990842275,788,Market,Filled,17328.7837127,Warning: No quote information available at 04/13/2021 15:00:00 America/New_York, order filled using TradeBar data 
2021-04-14T14:00:00Z,DFEN,22.698006475,1654,Market,Filled,37542.50270965,Warning: No quote information available at 04/14/2021 10:00:00 America/New_York, order filled using TradeBar data 
2021-04-19T14:00:00Z,DFEN,21.5292212,-2442,Market,Filled,-52574.3581704,Warning: No quote information available at 04/19/2021 10:00:00 America/New_York, order filled using TradeBar data 
2021-04-22T14:00:00Z,DFEN,21.5321677175,2448,Market,Filled,52710.74657244,Warning: No quote information available at 04/22/2021 10:00:00 America/New_York, order filled using TradeBar data 
2021-05-04T14:00:00Z,DFEN,22.0055748625,-1676,Market,Filled,-36881.34346955,Warning: No quote information available at 05/04/2021 10:00:00 America/New_York, order filled using TradeBar data 
2021-05-04T15:00:00Z,DFEN,21.74529915,-772,Market,Filled,-16787.3709438,Warning: No quote information available at 05/04/2021 11:00:00 America/New_York, order filled using TradeBar data 
2021-05-07T15:00:00Z,DFEN,22.639076125,2367,Market,Filled,53586.693187875,Warning: No quote information available at 05/07/2021 11:00:00 America/New_York, order filled using TradeBar data 
2021-05-11T15:00:00Z,DFEN,21.0184915,-2367,Market,Filled,-49750.7693805,Warning: No quote information available at 05/11/2021 11:00:00 America/New_York, order filled using TradeBar data 
2021-05-14T14:00:00Z,DFEN,21.39171705,1597,Market,Filled,34162.57212885,Warning: No quote information available at 05/14/2021 10:00:00 America/New_York, order filled using TradeBar data 
2021-05-14T17:00:00Z,DFEN,21.54886465,731,Market,Filled,15752.22005915,Warning: No quote information available at 05/14/2021 13:00:00 America/New_York, order filled using TradeBar data 
2021-05-19T14:00:00Z,DFEN,20.1736267155,-2328,Market,Filled,-46964.202993684,Warning: No quote information available at 05/19/2021 10:00:00 America/New_York, order filled using TradeBar data 
2021-05-20T19:00:00Z,DFEN,21.283678075,2213,Market,Filled,47100.779579975,Warning: No quote information available at 05/20/2021 15:00:00 America/New_York, order filled using TradeBar data 
2021-06-03T14:00:00Z,DFEN,24.73110355,-1520,Market,Filled,-37591.277396,Warning: No quote information available at 06/03/2021 10:00:00 America/New_York, order filled using TradeBar data 
2021-06-03T15:00:00Z,DFEN,25.3292466025,1468,Market,Filled,37183.33401247,Warning: No quote information available at 06/03/2021 11:00:00 America/New_York, order filled using TradeBar data 
2021-06-09T20:00:00Z,DFEN,25.87042365,-1479,Market On Open,Filled,-38262.35657835, 
2021-06-11T14:00:00Z,DFEN,25.31068354225,-682,Market,Filled,-17261.886175814,Warning: No quote information available at 06/11/2021 10:00:00 America/New_York, order filled using TradeBar data 
2021-06-14T14:00:00Z,DFEN,25.43826775,1491,Market,Filled,37928.45721525,Warning: No quote information available at 06/14/2021 10:00:00 America/New_York, order filled using TradeBar data 
2021-06-14T16:00:00Z,DFEN,25.173081175,-1491,Market,Filled,-37533.064031925,Warning: No quote information available at 06/14/2021 12:00:00 America/New_York, order filled using TradeBar data 
2021-06-15T14:00:00Z,DFEN,25.5757719,2153,Market,Filled,55064.6369007,Warning: No quote information available at 06/15/2021 10:00:00 America/New_York, order filled using TradeBar data 
2021-06-16T19:00:00Z,DFEN,24.976646675,-2153,Market,Filled,-53774.720291275,Warning: No quote information available at 06/16/2021 15:00:00 America/New_York, order filled using TradeBar data 
2021-06-21T14:00:00Z,DFEN,24.1614435,1524,Market,Filled,36822.039894,Warning: No quote information available at 06/21/2021 10:00:00 America/New_York, order filled using TradeBar data 
2021-06-21T18:00:00Z,DFEN,24.8293208,682,Market,Filled,16933.5967856,Warning: No quote information available at 06/21/2021 14:00:00 America/New_York, order filled using TradeBar data 
2021-06-28T14:00:00Z,DFEN,24.6328863,-1509,Market,Filled,-37171.0254267,Warning: No quote information available at 06/28/2021 10:00:00 America/New_York, order filled using TradeBar data 
2021-06-28T16:00:00Z,DFEN,24.269482475,-697,Market,Filled,-16915.829285075,Warning: No quote information available at 06/28/2021 12:00:00 America/New_York, order filled using TradeBar data 
2021-07-01T14:00:00Z,DFEN,24.112334875,1535,Market,Filled,37012.434033125,Warning: No quote information available at 07/01/2021 10:00:00 America/New_York, order filled using TradeBar data 
2021-07-02T16:00:00Z,DFEN,24.4708278375,698,Market,Filled,17080.637830575,Warning: No quote information available at 07/02/2021 12:00:00 America/New_York, order filled using TradeBar data 
2021-07-06T14:00:00Z,DFEN,23.699822425,-2233,Market,Filled,-52921.703475025,Warning: No quote information available at 07/06/2021 10:00:00 America/New_York, order filled using TradeBar data 
2021-07-09T14:00:00Z,DFEN,24.45609525,2166,Market,Filled,52971.9023115,Warning: No quote information available at 07/09/2021 10:00:00 America/New_York, order filled using TradeBar data 
2021-07-13T14:00:00Z,DFEN,23.179271,-1480,Market,Filled,-34305.32108,Warning: No quote information available at 07/13/2021 10:00:00 America/New_York, order filled using TradeBar data 
2021-07-13T19:00:00Z,DFEN,22.973014775,-686,Market,Filled,-15759.48813565,Warning: No quote information available at 07/13/2021 15:00:00 America/New_York, order filled using TradeBar data 
2021-07-20T16:00:00Z,DFEN,20.812235275,1650,Market,Filled,34340.18820375,Warning: No quote information available at 07/20/2021 12:00:00 America/New_York, order filled using TradeBar data 
2021-07-20T19:00:00Z,DFEN,21.4752017125,736,Market,Filled,15805.7484604,Warning: No quote information available at 07/20/2021 15:00:00 America/New_York, order filled using TradeBar data 
2021-07-30T15:00:00Z,DFEN,22.76675855,-1635,Market,Filled,-37223.65022925,Warning: No quote information available at 07/30/2021 11:00:00 America/New_York, order filled using TradeBar data 
2021-08-02T14:00:00Z,DFEN,23.6065160375,1568,Market,Filled,37015.0171468,Warning: No quote information available at 08/02/2021 10:00:00 America/New_York, order filled using TradeBar data 
2021-08-02T20:00:00Z,DFEN,22.698006475,-2319,Market On Open,Filled,-52636.677015525, 
2021-08-03T20:00:00Z,DFEN,22.305137475,2280,Market On Open,Filled,50855.713443, 
2021-08-04T14:00:00Z,DFEN,21.98102055,-2280,Market,Filled,-50116.726854,Warning: No quote information available at 08/04/2021 10:00:00 America/New_York, order filled using TradeBar data 
2021-08-05T16:00:00Z,DFEN,22.64889785,1571,Market,Filled,35581.41852235,Warning: No quote information available at 08/05/2021 12:00:00 America/New_York, order filled using TradeBar data 
2021-08-06T14:00:00Z,DFEN,23.00247995,712,Market,Filled,16377.7657244,Warning: No quote information available at 08/06/2021 10:00:00 America/New_York, order filled using TradeBar data 
2021-08-13T19:00:00Z,DFEN,22.4911609465,-2283,Market,Filled,-51347.320440859,Warning: No quote information available at 08/13/2021 15:00:00 America/New_York, order filled using TradeBar data 
2021-08-23T14:00:00Z,DFEN,21.0528675375,2441,Market,Filled,51390.049659037,Warning: No quote information available at 08/23/2021 10:00:00 America/New_York, order filled using TradeBar data 
2021-08-26T19:00:00Z,DFEN,20.871165625,-1670,Market,Filled,-34854.84659375,Warning: No quote information available at 08/26/2021 15:00:00 America/New_York, order filled using TradeBar data 
2021-08-27T14:00:00Z,DFEN,21.381895325,1630,Market,Filled,34852.48937975,Warning: No quote information available at 08/27/2021 10:00:00 America/New_York, order filled using TradeBar data 
2021-09-01T14:00:00Z,DFEN,20.949739425,-2401,Market,Filled,-50300.324359425,Warning: No quote information available at 09/01/2021 10:00:00 America/New_York, order filled using TradeBar data 
2021-09-02T14:00:00Z,DFEN,21.224747725,1622,Market,Filled,34426.54080995,Warning: No quote information available at 09/02/2021 10:00:00 America/New_York, order filled using TradeBar data 
2021-09-02T15:00:00Z,DFEN,21.4752017125,739,Market,Filled,15870.174065537,Warning: No quote information available at 09/02/2021 11:00:00 America/New_York, order filled using TradeBar data 
2021-09-03T14:00:00Z,DFEN,21.034991998,-744,Market,Filled,-15650.034046512,Warning: No quote information available at 09/03/2021 10:00:00 America/New_York, order filled using TradeBar data 
2021-09-03T15:00:00Z,DFEN,20.8623260725,-1617,Market,Filled,-33734.381259232,Warning: No quote information available at 09/03/2021 11:00:00 America/New_York, order filled using TradeBar data 
2021-09-09T15:00:00Z,DFEN,20.3457033375,1662,Market,Filled,33814.558946925,Warning: No quote information available at 09/09/2021 11:00:00 America/New_York, order filled using TradeBar data 
2021-09-09T19:00:00Z,DFEN,19.947923475,-1662,Market,Filled,-33153.44881545,Warning: No quote information available at 09/09/2021 15:00:00 America/New_York, order filled using TradeBar data 
2021-09-10T18:00:00Z,DFEN,19.93810175,1674,Market,Filled,33376.3823295,Warning: No quote information available at 09/10/2021 14:00:00 America/New_York, order filled using TradeBar data 
2021-09-10T20:00:00Z,DFEN,19.74166725,-1674,Market On Open,Filled,-33047.5509765, 
2021-09-13T14:00:00Z,DFEN,19.7220238,1681,Market,Filled,33152.7220078,Warning: No quote information available at 09/13/2021 10:00:00 America/New_York, order filled using TradeBar data 
2021-09-13T15:00:00Z,DFEN,20.1148928,759,Market,Filled,15267.2036352,Warning: No quote information available at 09/13/2021 11:00:00 America/New_York, order filled using TradeBar data 
2021-09-13T17:00:00Z,DFEN,19.712202075,-769,Market,Filled,-15158.683395675,Warning: No quote information available at 09/13/2021 13:00:00 America/New_York, order filled using TradeBar data 
2021-09-13T18:00:00Z,DFEN,19.319333075,-1671,Market,Filled,-32282.605568325,Warning: No quote information available at 09/13/2021 14:00:00 America/New_York, order filled using TradeBar data 
2021-09-13T20:00:00Z,DFEN,20.01667555,1640,Market On Open,Filled,32827.347902, 
2021-09-14T15:00:00Z,DFEN,19.0541465,-1640,Market,Filled,-31248.80026,Warning: No quote information available at 09/14/2021 11:00:00 America/New_York, order filled using TradeBar data 
2021-09-15T16:00:00Z,DFEN,19.66309345,2339,Market,Filled,45991.97557955,Warning: No quote information available at 09/15/2021 12:00:00 America/New_York, order filled using TradeBar data 
2021-09-16T20:00:00Z,DFEN,19.162185475,-737,Market On Open,Filled,-14122.530695075, 
2021-09-17T14:00:00Z,DFEN,19.0148596,-1602,Market,Filled,-30461.8050792,Warning: No quote information available at 09/17/2021 10:00:00 America/New_York, order filled using TradeBar data 
2021-09-22T14:00:00Z,DFEN,19.4519263625,2295,Market,Filled,44642.171001938,Warning: No quote information available at 09/22/2021 10:00:00 America/New_York, order filled using TradeBar data 
2021-09-30T15:00:00Z,DFEN,20.812235275,-1573,Market,Filled,-32737.646087575,Warning: No quote information available at 09/30/2021 11:00:00 America/New_York, order filled using TradeBar data 
2021-09-30T17:00:00Z,DFEN,20.517583525,-722,Market,Filled,-14813.69530505,Warning: No quote information available at 09/30/2021 13:00:00 America/New_York, order filled using TradeBar data 
2021-10-01T16:00:00Z,DFEN,20.733661475,1563,Market,Filled,32406.712885425,Warning: No quote information available at 10/01/2021 12:00:00 America/New_York, order filled using TradeBar data 
2021-10-01T18:00:00Z,DFEN,21.185460825,705,Market,Filled,14935.749881625,Warning: No quote information available at 10/01/2021 14:00:00 America/New_York, order filled using TradeBar data 
2021-10-06T14:00:00Z,DFEN,20.5077618,-714,Market,Filled,-14642.5419252,Warning: No quote information available at 10/06/2021 10:00:00 America/New_York, order filled using TradeBar data 
2021-10-06T18:00:00Z,DFEN,21.1363522,694,Market,Filled,14668.6284268,Warning: No quote information available at 10/06/2021 14:00:00 America/New_York, order filled using TradeBar data 
2021-10-13T14:00:00Z,DFEN,21.73537920775,-1540,Market,Filled,-33472.483979935,Warning: No quote information available at 10/13/2021 10:00:00 America/New_York, order filled using TradeBar data 
2021-10-13T15:00:00Z,DFEN,21.5243103375,-708,Market,Filled,-15239.21171895,Warning: No quote information available at 10/13/2021 11:00:00 America/New_York, order filled using TradeBar data 
2021-10-14T17:00:00Z,DFEN,22.1970985,1499,Market,Filled,33273.4506515,Warning: No quote information available at 10/14/2021 13:00:00 America/New_York, order filled using TradeBar data 
2021-10-14T18:00:00Z,DFEN,22.364067825,686,Market,Filled,15341.75052795,Warning: No quote information available at 10/14/2021 14:00:00 America/New_York, order filled using TradeBar data 
2021-10-18T14:00:00Z,DFEN,21.76268360325,-688,Market,Filled,-14972.726319036,Warning: No quote information available at 10/18/2021 10:00:00 America/New_York, order filled using TradeBar data 
2021-10-18T16:00:00Z,DFEN,22.2756723,673,Market,Filled,14991.5274579,Warning: No quote information available at 10/18/2021 12:00:00 America/New_York, order filled using TradeBar data 
2021-10-26T14:00:00Z,DFEN,21.578329825,-2170,Market,Filled,-46824.97572025,Warning: No quote information available at 10/26/2021 10:00:00 America/New_York, order filled using TradeBar data 
2021-11-01T16:00:00Z,DFEN,20.556870425,1560,Market,Filled,32068.717863,Warning: No quote information available at 11/01/2021 12:00:00 America/New_York, order filled using TradeBar data 
2021-11-03T15:00:00Z,DFEN,20.48841300175,723,Market,Filled,14813.122600265,Warning: No quote information available at 11/03/2021 11:00:00 America/New_York, order filled using TradeBar data 
2021-11-03T18:00:00Z,DFEN,20.1198036625,-720,Market,Filled,-14486.258637,Warning: No quote information available at 11/03/2021 14:00:00 America/New_York, order filled using TradeBar data 
2021-11-03T19:00:00Z,DFEN,20.68455285,700,Market,Filled,14479.186995,Warning: No quote information available at 11/03/2021 15:00:00 America/New_York, order filled using TradeBar data 
2021-11-10T20:00:00Z,DFEN,21.853338125,-1551,Market,Filled,-33894.527431875,Warning: No quote information available at 11/10/2021 15:00:00 America/New_York, order filled using TradeBar data 
2021-11-11T18:00:00Z,DFEN,21.5685081,-712,Market,Filled,-15356.7777672,Warning: No quote information available at 11/11/2021 13:00:00 America/New_York, order filled using TradeBar data 
2021-11-15T15:00:00Z,DFEN,22.23628718275,2208,Market,Filled,49097.722099512,Warning: No quote information available at 11/15/2021 10:00:00 America/New_York, order filled using TradeBar data 
2021-11-16T21:00:00Z,DFEN,21.66672535,-2208,Market On Open,Filled,-47840.1295728, 
2021-11-23T15:00:00Z,DFEN,20.478296625,1600,Market,Filled,32765.2746,Warning: No quote information available at 11/23/2021 10:00:00 America/New_York, order filled using TradeBar data 
2021-11-23T16:00:00Z,DFEN,19.987210375,-1600,Market,Filled,-31979.5366,Warning: No quote information available at 11/23/2021 11:00:00 America/New_York, order filled using TradeBar data 
2021-11-24T15:00:00Z,DFEN,20.05596245,1608,Market,Filled,32249.9876196,Warning: No quote information available at 11/24/2021 10:00:00 America/New_York, order filled using TradeBar data 
2021-11-26T15:00:00Z,DFEN,17.0357820125,-1608,Market,Filled,-27393.5374761,Warning: No quote information available at 11/26/2021 10:00:00 America/New_York, order filled using TradeBar data 
2021-12-02T17:00:00Z,DFEN,16.52014145,1760,Market,Filled,29075.448952,Warning: No quote information available at 12/02/2021 12:00:00 America/New_York, order filled using TradeBar data 
2021-12-06T15:00:00Z,DFEN,17.54160085,760,Market,Filled,13331.616646,Warning: No quote information available at 12/06/2021 10:00:00 America/New_York, order filled using TradeBar data 
2021-12-10T17:00:00Z,DFEN,18.1330831305,-1726,Market,Filled,-31297.701483243,Warning: No quote information available at 12/10/2021 12:00:00 America/New_York, order filled using TradeBar data 
2021-12-13T15:00:00Z,DFEN,17.488151307,-794,Market,Filled,-13885.592137758,Warning: No quote information available at 12/13/2021 10:00:00 America/New_York, order filled using TradeBar data 
2021-12-16T15:00:00Z,DFEN,17.538146022,1760,Market,Filled,30867.13699872,Warning: No quote information available at 12/16/2021 10:00:00 America/New_York, order filled using TradeBar data 
2021-12-16T20:00:00Z,DFEN,16.568248551,-1760,Market,Filled,-29160.11744976,Warning: No quote information available at 12/16/2021 15:00:00 America/New_York, order filled using TradeBar data 
2021-12-17T19:00:00Z,DFEN,16.89821367,1760,Market,Filled,29740.8560592,Warning: No quote information available at 12/17/2021 14:00:00 America/New_York, order filled using TradeBar data 
2021-12-20T15:00:00Z,DFEN,15.788330997,-1760,Market,Filled,-27787.46255472,Warning: No quote information available at 12/20/2021 10:00:00 America/New_York, order filled using TradeBar data 
2021-12-21T15:00:00Z,DFEN,16.85,2469,Market,Filled,41602.65,Warning: No quote information available at 12/21/2021 10:00:00 America/New_York, order filled using TradeBar data 
2021-12-31T17:00:00Z,DFEN,18.455,-1693,Market,Filled,-31244.315,Warning: No quote information available at 12/31/2021 12:00:00 America/New_York, order filled using TradeBar data 
2022-01-03T15:00:00Z,DFEN,19.24,1611,Market,Filled,30995.64,Warning: No quote information available at 01/03/2022 10:00:00 America/New_York, order filled using TradeBar data 
2022-01-10T16:00:00Z,DFEN,19.73,-1635,Market,Filled,-32258.55,Warning: No quote information available at 01/10/2022 11:00:00 America/New_York, order filled using TradeBar data 
2022-01-11T17:00:00Z,DFEN,20.35,1581,Market,Filled,32173.35,Warning: No quote information available at 01/11/2022 12:00:00 America/New_York, order filled using TradeBar data 
2022-01-18T18:00:00Z,DFEN,20.61,-1597,Market,Filled,-32914.17,Warning: No quote information available at 01/18/2022 13:00:00 America/New_York, order filled using TradeBar data 
2022-01-18T20:00:00Z,DFEN,21.19,1550,Market,Filled,32844.5,Warning: No quote information available at 01/18/2022 15:00:00 America/New_York, order filled using TradeBar data 
2022-01-19T16:00:00Z,DFEN,20.45,-2286,Market,Filled,-46748.7,Warning: No quote information available at 01/19/2022 11:00:00 America/New_York, order filled using TradeBar data 
2022-01-20T16:00:00Z,DFEN,20.93,2236,Market,Filled,46799.48,Warning: No quote information available at 01/20/2022 11:00:00 America/New_York, order filled using TradeBar data 
2022-01-20T20:00:00Z,DFEN,20.29,-2236,Market,Filled,-45368.44,Warning: No quote information available at 01/20/2022 15:00:00 America/New_York, order filled using TradeBar data 
2022-01-25T20:00:00Z,DFEN,18.895,1645,Market,Filled,31082.275,Warning: No quote information available at 01/25/2022 15:00:00 America/New_York, order filled using TradeBar data 
2022-01-27T19:00:00Z,DFEN,16.455,-1645,Market,Filled,-27068.475,Warning: No quote information available at 01/27/2022 14:00:00 America/New_York, order filled using TradeBar data 
